FirstName,LastName,,,Email,Gender,UserName,DOB,PhoneNo,Country,MiddleName,NokName,NokContactNumber,NokContactEmail,PostalCode,State,StreetAddress,GatewayName,GatewayNameEdit,SensorName,SensorNameEdit,OrganizationEmail,OrgPrimContact,OrgSecContact,OrgName,OrgPhn,OrgPrimNumber,OrgSecNumber,StreetAddressEdit,GatewayMacId,SensorMacId,LoginUserName
abkcfg1,abkcfg1,abkcfg1,@gmail.com,abcfg1@gmail.com,male,abkcfg1,2021-02-08,8338334402,Armenia,Eileen,Penny,3648362222,mcrowdy2t@naver.com,F26,Dubai,8485 Sugar Junction,Herve,Uff1,Marv1,Corella,mcrowdy2t@canalblog.com,Crowdy,Charline1,Skipstorm,1316208722,6976315239,5417154451,268 Stone Corner Trail,GatewayMacIdParallelWeb0102,SensorMacIdParallelWeb0102,usd201
abkcfg2,abkcfg2,abkcfg2,@gmail.com,abcfg1@gmail.com,male,abkcfg2,2021-02-09,8338334403,Armenia,Eileen,Penny,3648362222,mcrowdy2t@naver.com,F27,Dubai,8486 Sugar Junction,Herve,Uff2,Marv2,Corella,mcrowdy2t@canalblog.com,Crowdy,Charline2,Skipstorm,1316208722,6976315239,5417154451,269 Stone Corner Trail,GatewayMacIdParallelWeb0103,SensorMacIdParallelWeb0103,us202
abkcfg3,abkcfg3,abkcfg3,@gmail.com,abcfg1@gmail.com,male,abkcfg3,2021-02-10,8338334404,Armenia,Eileen,Penny,3648362222,mcrowdy2t@naver.com,F28,Dubai,8487 Sugar Junction,Herve,Uff3,Marv3,Corella,mcrowdy2t@canalblog.com,Crowdy,Charline3,Skipstorm,1316208722,6976315239,5417154451,270 Stone Corner Trail,GatewayMacIdParallelWeb0104,SensorMacIdParallelWeb0104,us203
abkcfg4,abkcfg4,abkcfg4,@gmail.com,abcfg1@gmail.com,male,abkcfg4,2021-02-11,8338334405,Armenia,Eileen,Penny,3648362222,mcrowdy2t@naver.com,F29,Dubai,8488 Sugar Junction,Herve,Uff4,Marv4,Corella,mcrowdy2t@canalblog.com,Crowdy,Charline4,Skipstorm,1316208722,6976315239,5417154451,271 Stone Corner Trail,GatewayMacIdParallelWeb0105,SensorMacIdParallelWeb0105,us204
abkcfg5,abkcfg5,abkcfg5,@gmail.com,abcfg1@gmail.com,male,abkcfg5,2021-02-12,8338334406,Armenia,Eileen,Penny,3648362222,mcrowdy2t@naver.com,F30,Dubai,8489 Sugar Junction,Herve,Uff5,Marv5,Corella,mcrowdy2t@canalblog.com,Crowdy,Charline5,Skipstorm,1316208722,6976315239,5417154451,272 Stone Corner Trail,GatewayMacIdParallelWeb0106,SensorMacIdParallelWeb0106,us205
abkcfg6,abkcfg6,abkcfg6,@gmail.com,abcfg1@gmail.com,male,abkcfg6,2021-02-13,8338334407,Armenia,Eileen,Penny,3648362222,mcrowdy2t@naver.com,F31,Dubai,8490 Sugar Junction,Herve,Uff6,Marv6,Corella,mcrowdy2t@canalblog.com,Crowdy,Charline6,Skipstorm,1316208722,6976315239,5417154451,273 Stone Corner Trail,GatewayMacIdParallelWeb0107,SensorMacIdParallelWeb0107,us206
abkcfg7,abkcfg7,abkcfg7,@gmail.com,abcfg1@gmail.com,male,abkcfg7,2021-02-14,8338334408,Armenia,Eileen,Penny,3648362222,mcrowdy2t@naver.com,F32,Dubai,8491 Sugar Junction,Herve,Uff7,Marv7,Corella,mcrowdy2t@canalblog.com,Crowdy,Charline7,Skipstorm,1316208722,6976315239,5417154451,274 Stone Corner Trail,GatewayMacIdParallelWeb0108,SensorMacIdParallelWeb0108,us207
abkcfg8,abkcfg8,abkcfg8,@gmail.com,abcfg1@gmail.com,male,abkcfg8,2021-02-15,8338334409,Armenia,Eileen,Penny,3648362222,mcrowdy2t@naver.com,F33,Dubai,8492 Sugar Junction,Herve,Uff8,Marv8,Corella,mcrowdy2t@canalblog.com,Crowdy,Charline8,Skipstorm,1316208722,6976315239,5417154451,275 Stone Corner Trail,GatewayMacIdParallelWeb0109,SensorMacIdParallelWeb0109,us208
abkcfg9,abkcfg9,abkcfg9,@gmail.com,abcfg1@gmail.com,male,abkcfg9,2021-02-16,8338334410,Armenia,Eileen,Penny,3648362222,mcrowdy2t@naver.com,F34,Dubai,8493 Sugar Junction,Herve,Uff9,Marv9,Corella,mcrowdy2t@canalblog.com,Crowdy,Charline9,Skipstorm,1316208722,6976315239,5417154451,276 Stone Corner Trail,GatewayMacIdParallelWeb0110,SensorMacIdParallelWeb0110,us209
abkcfg10,abkcfg10,abkcfg10,@gmail.com,abcfg1@gmail.com,male,abkcfg10,2021-02-17,8338334411,Armenia,Eileen,Penny,3648362222,mcrowdy2t@naver.com,F35,Dubai,8494 Sugar Junction,Herve,Uff10,Marv10,Corella,mcrowdy2t@canalblog.com,Crowdy,Charline10,Skipstorm,1316208722,6976315239,5417154451,277 Stone Corner Trail,GatewayMacIdParallelWeb0111,SensorMacIdParallelWeb0111,us210
abkcfg11,abkcfg11,abkcfg11,@gmail.com,abcfg1@gmail.com,male,abkcfg11,2021-02-18,8338334412,Armenia,Eileen,Penny,3648362222,mcrowdy2t@naver.com,F36,Dubai,8495 Sugar Junction,Herve,Uff11,Marv11,Corella,mcrowdy2t@canalblog.com,Crowdy,Charline11,Skipstorm,1316208722,6976315239,5417154451,278 Stone Corner Trail,GatewayMacIdParallelWeb0112,SensorMacIdParallelWeb0112,us211
abkcfg12,abkcfg12,abkcfg12,@gmail.com,abcfg1@gmail.com,male,abkcfg12,2021-02-19,8338334413,Armenia,Eileen,Penny,3648362222,mcrowdy2t@naver.com,F37,Dubai,8496 Sugar Junction,Herve,Uff12,Marv12,Corella,mcrowdy2t@canalblog.com,Crowdy,Charline12,Skipstorm,1316208722,6976315239,5417154451,279 Stone Corner Trail,GatewayMacIdParallelWeb0113,SensorMacIdParallelWeb0113,us212
abkcfg13,abkcfg13,abkcfg13,@gmail.com,abcfg1@gmail.com,male,abkcfg13,2021-02-20,8338334414,Armenia,Eileen,Penny,3648362222,mcrowdy2t@naver.com,F38,Dubai,8497 Sugar Junction,Herve,Uff13,Marv13,Corella,mcrowdy2t@canalblog.com,Crowdy,Charline13,Skipstorm,1316208722,6976315239,5417154451,280 Stone Corner Trail,GatewayMacIdParallelWeb0114,SensorMacIdParallelWeb0114,us213
abkcfg14,abkcfg14,abkcfg14,@gmail.com,abcfg1@gmail.com,male,abkcfg14,2021-02-21,8338334415,Armenia,Eileen,Penny,3648362222,mcrowdy2t@naver.com,F39,Dubai,8498 Sugar Junction,Herve,Uff14,Marv14,Corella,mcrowdy2t@canalblog.com,Crowdy,Charline14,Skipstorm,1316208722,6976315239,5417154451,281 Stone Corner Trail,GatewayMacIdParallelWeb0115,SensorMacIdParallelWeb0115,us214
abkcfg15,abkcfg15,abkcfg15,@gmail.com,abcfg1@gmail.com,male,abkcfg15,2021-02-22,8338334416,Armenia,Eileen,Penny,3648362222,mcrowdy2t@naver.com,F40,Dubai,8499 Sugar Junction,Herve,Uff15,Marv15,Corella,mcrowdy2t@canalblog.com,Crowdy,Charline15,Skipstorm,1316208722,6976315239,5417154451,282 Stone Corner Trail,GatewayMacIdParallelWeb0116,SensorMacIdParallelWeb0116,us215
abkcfg16,abkcfg16,abkcfg16,@gmail.com,abcfg1@gmail.com,male,abkcfg16,2021-02-23,8338334417,Armenia,Eileen,Penny,3648362222,mcrowdy2t@naver.com,F41,Dubai,8500 Sugar Junction,Herve,Uff16,Marv16,Corella,mcrowdy2t@canalblog.com,Crowdy,Charline16,Skipstorm,1316208722,6976315239,5417154451,283 Stone Corner Trail,GatewayMacIdParallelWeb0117,SensorMacIdParallelWeb0117,us216
abkcfg17,abkcfg17,abkcfg17,@gmail.com,abcfg1@gmail.com,male,abkcfg17,2021-02-24,8338334418,Armenia,Eileen,Penny,3648362222,mcrowdy2t@naver.com,F42,Dubai,8501 Sugar Junction,Herve,Uff17,Marv17,Corella,mcrowdy2t@canalblog.com,Crowdy,Charline17,Skipstorm,1316208722,6976315239,5417154451,284 Stone Corner Trail,GatewayMacIdParallelWeb0118,SensorMacIdParallelWeb0118,us217
abkcfg18,abkcfg18,abkcfg18,@gmail.com,abcfg1@gmail.com,male,abkcfg18,2021-02-25,8338334419,Armenia,Eileen,Penny,3648362222,mcrowdy2t@naver.com,F43,Dubai,8502 Sugar Junction,Herve,Uff18,Marv18,Corella,mcrowdy2t@canalblog.com,Crowdy,Charline18,Skipstorm,1316208722,6976315239,5417154451,285 Stone Corner Trail,GatewayMacIdParallelWeb0119,SensorMacIdParallelWeb0119,us218
abkcfg19,abkcfg19,abkcfg19,@gmail.com,abcfg1@gmail.com,male,abkcfg19,2021-02-26,8338334420,Armenia,Eileen,Penny,3648362222,mcrowdy2t@naver.com,F44,Dubai,8503 Sugar Junction,Herve,Uff19,Marv19,Corella,mcrowdy2t@canalblog.com,Crowdy,Charline19,Skipstorm,1316208722,6976315239,5417154451,286 Stone Corner Trail,GatewayMacIdParallelWeb0120,SensorMacIdParallelWeb0120,us219
abkcfg20,abkcfg20,abkcfg20,@gmail.com,abcfg1@gmail.com,male,abkcfg20,2021-02-27,8338334421,Armenia,Eileen,Penny,3648362222,mcrowdy2t@naver.com,F45,Dubai,8504 Sugar Junction,Herve,Uff20,Marv20,Corella,mcrowdy2t@canalblog.com,Crowdy,Charline20,Skipstorm,1316208722,6976315239,5417154451,287 Stone Corner Trail,GatewayMacIdParallelWeb0121,SensorMacIdParallelWeb0121,us220
abkcfg21,abkcfg21,abkcfg21,@gmail.com,abcfg1@gmail.com,male,abkcfg21,2021-02-28,8338334422,Armenia,Eileen,Penny,3648362222,mcrowdy2t@naver.com,F46,Dubai,8505 Sugar Junction,Herve,Uff21,Marv21,Corella,mcrowdy2t@canalblog.com,Crowdy,Charline21,Skipstorm,1316208722,6976315239,5417154451,288 Stone Corner Trail,GatewayMacIdParallelWeb0122,SensorMacIdParallelWeb0122,us221
abkcfg22,abkcfg22,abkcfg22,@gmail.com,abcfg1@gmail.com,male,abkcfg22,2021-03-01,8338334423,Armenia,Eileen,Penny,3648362222,mcrowdy2t@naver.com,F47,Dubai,8506 Sugar Junction,Herve,Uff22,Marv22,Corella,mcrowdy2t@canalblog.com,Crowdy,Charline22,Skipstorm,1316208722,6976315239,5417154451,289 Stone Corner Trail,GatewayMacIdParallelWeb0123,SensorMacIdParallelWeb0123,us222
abkcfg23,abkcfg23,abkcfg23,@gmail.com,abcfg1@gmail.com,male,abkcfg23,2021-03-02,8338334424,Armenia,Eileen,Penny,3648362222,mcrowdy2t@naver.com,F48,Dubai,8507 Sugar Junction,Herve,Uff23,Marv23,Corella,mcrowdy2t@canalblog.com,Crowdy,Charline23,Skipstorm,1316208722,6976315239,5417154451,290 Stone Corner Trail,GatewayMacIdParallelWeb0124,SensorMacIdParallelWeb0124,us223
abkcfg24,abkcfg24,abkcfg24,@gmail.com,abcfg1@gmail.com,male,abkcfg24,2021-03-03,8338334425,Armenia,Eileen,Penny,3648362222,mcrowdy2t@naver.com,F49,Dubai,8508 Sugar Junction,Herve,Uff24,Marv24,Corella,mcrowdy2t@canalblog.com,Crowdy,Charline24,Skipstorm,1316208722,6976315239,5417154451,291 Stone Corner Trail,GatewayMacIdParallelWeb0125,SensorMacIdParallelWeb0125,us224
abkcfg25,abkcfg25,abkcfg25,@gmail.com,abcfg1@gmail.com,male,abkcfg25,2021-03-04,8338334426,Armenia,Eileen,Penny,3648362222,mcrowdy2t@naver.com,F50,Dubai,8509 Sugar Junction,Herve,Uff25,Marv25,Corella,mcrowdy2t@canalblog.com,Crowdy,Charline25,Skipstorm,1316208722,6976315239,5417154451,292 Stone Corner Trail,GatewayMacIdParallelWeb0126,SensorMacIdParallelWeb0126,us225
abkcfg26,abkcfg26,abkcfg26,@gmail.com,abcfg1@gmail.com,male,abkcfg26,2021-03-05,8338334427,Armenia,Eileen,Penny,3648362222,mcrowdy2t@naver.com,F51,Dubai,8510 Sugar Junction,Herve,Uff26,Marv26,Corella,mcrowdy2t@canalblog.com,Crowdy,Charline26,Skipstorm,1316208722,6976315239,5417154451,293 Stone Corner Trail,GatewayMacIdParallelWeb0127,SensorMacIdParallelWeb0127,us226
abkcfg27,abkcfg27,abkcfg27,@gmail.com,abcfg1@gmail.com,male,abkcfg27,2021-03-06,8338334428,Armenia,Eileen,Penny,3648362222,mcrowdy2t@naver.com,F52,Dubai,8511 Sugar Junction,Herve,Uff27,Marv27,Corella,mcrowdy2t@canalblog.com,Crowdy,Charline27,Skipstorm,1316208722,6976315239,5417154451,294 Stone Corner Trail,GatewayMacIdParallelWeb0128,SensorMacIdParallelWeb0128,us227
abkcfg28,abkcfg28,abkcfg28,@gmail.com,abcfg1@gmail.com,male,abkcfg28,2021-03-07,8338334429,Armenia,Eileen,Penny,3648362222,mcrowdy2t@naver.com,F53,Dubai,8512 Sugar Junction,Herve,Uff28,Marv28,Corella,mcrowdy2t@canalblog.com,Crowdy,Charline28,Skipstorm,1316208722,6976315239,5417154451,295 Stone Corner Trail,GatewayMacIdParallelWeb0129,SensorMacIdParallelWeb0129,us228
abkcfg29,abkcfg29,abkcfg29,@gmail.com,abcfg1@gmail.com,male,abkcfg29,2021-03-08,8338334430,Armenia,Eileen,Penny,3648362222,mcrowdy2t@naver.com,F54,Dubai,8513 Sugar Junction,Herve,Uff29,Marv29,Corella,mcrowdy2t@canalblog.com,Crowdy,Charline29,Skipstorm,1316208722,6976315239,5417154451,296 Stone Corner Trail,GatewayMacIdParallelWeb0130,SensorMacIdParallelWeb0130,us229
abkcfg30,abkcfg30,abkcfg30,@gmail.com,abcfg1@gmail.com,male,abkcfg30,2021-03-09,8338334431,Armenia,Eileen,Penny,3648362222,mcrowdy2t@naver.com,F55,Dubai,8514 Sugar Junction,Herve,Uff30,Marv30,Corella,mcrowdy2t@canalblog.com,Crowdy,Charline30,Skipstorm,1316208722,6976315239,5417154451,297 Stone Corner Trail,GatewayMacIdParallelWeb0131,SensorMacIdParallelWeb0131,us230
abkcfg31,abkcfg31,abkcfg31,@gmail.com,abcfg1@gmail.com,male,abkcfg31,2021-03-10,8338334432,Armenia,Eileen,Penny,3648362222,mcrowdy2t@naver.com,F56,Dubai,8515 Sugar Junction,Herve,Uff31,Marv31,Corella,mcrowdy2t@canalblog.com,Crowdy,Charline31,Skipstorm,1316208722,6976315239,5417154451,298 Stone Corner Trail,GatewayMacIdParallelWeb0132,SensorMacIdParallelWeb0132,us231
abkcfg32,abkcfg32,abkcfg32,@gmail.com,abcfg1@gmail.com,male,abkcfg32,2021-03-11,8338334433,Armenia,Eileen,Penny,3648362222,mcrowdy2t@naver.com,F57,Dubai,8516 Sugar Junction,Herve,Uff32,Marv32,Corella,mcrowdy2t@canalblog.com,Crowdy,Charline32,Skipstorm,1316208722,6976315239,5417154451,299 Stone Corner Trail,GatewayMacIdParallelWeb0133,SensorMacIdParallelWeb0133,us232
abkcfg33,abkcfg33,abkcfg33,@gmail.com,abcfg1@gmail.com,male,abkcfg33,2021-03-12,8338334434,Armenia,Eileen,Penny,3648362222,mcrowdy2t@naver.com,F58,Dubai,8517 Sugar Junction,Herve,Uff33,Marv33,Corella,mcrowdy2t@canalblog.com,Crowdy,Charline33,Skipstorm,1316208722,6976315239,5417154451,300 Stone Corner Trail,GatewayMacIdParallelWeb0134,SensorMacIdParallelWeb0134,us233
abkcfg34,abkcfg34,abkcfg34,@gmail.com,abcfg1@gmail.com,male,abkcfg34,2021-03-13,8338334435,Armenia,Eileen,Penny,3648362222,mcrowdy2t@naver.com,F59,Dubai,8518 Sugar Junction,Herve,Uff34,Marv34,Corella,mcrowdy2t@canalblog.com,Crowdy,Charline34,Skipstorm,1316208722,6976315239,5417154451,301 Stone Corner Trail,GatewayMacIdParallelWeb0135,SensorMacIdParallelWeb0135,us234
abkcfg35,abkcfg35,abkcfg35,@gmail.com,abcfg1@gmail.com,male,abkcfg35,2021-03-14,8338334436,Armenia,Eileen,Penny,3648362222,mcrowdy2t@naver.com,F60,Dubai,8519 Sugar Junction,Herve,Uff35,Marv35,Corella,mcrowdy2t@canalblog.com,Crowdy,Charline35,Skipstorm,1316208722,6976315239,5417154451,302 Stone Corner Trail,GatewayMacIdParallelWeb0136,SensorMacIdParallelWeb0136,us235
abkcfg36,abkcfg36,abkcfg36,@gmail.com,abcfg1@gmail.com,male,abkcfg36,2021-03-15,8338334437,Armenia,Eileen,Penny,3648362222,mcrowdy2t@naver.com,F61,Dubai,8520 Sugar Junction,Herve,Uff36,Marv36,Corella,mcrowdy2t@canalblog.com,Crowdy,Charline36,Skipstorm,1316208722,6976315239,5417154451,303 Stone Corner Trail,GatewayMacIdParallelWeb0137,SensorMacIdParallelWeb0137,us236
abkcfg37,abkcfg37,abkcfg37,@gmail.com,abcfg1@gmail.com,male,abkcfg37,2021-03-16,8338334438,Armenia,Eileen,Penny,3648362222,mcrowdy2t@naver.com,F62,Dubai,8521 Sugar Junction,Herve,Uff37,Marv37,Corella,mcrowdy2t@canalblog.com,Crowdy,Charline37,Skipstorm,1316208722,6976315239,5417154451,304 Stone Corner Trail,GatewayMacIdParallelWeb0138,SensorMacIdParallelWeb0138,us237
abkcfg38,abkcfg38,abkcfg38,@gmail.com,abcfg1@gmail.com,male,abkcfg38,2021-03-17,8338334439,Armenia,Eileen,Penny,3648362222,mcrowdy2t@naver.com,F63,Dubai,8522 Sugar Junction,Herve,Uff38,Marv38,Corella,mcrowdy2t@canalblog.com,Crowdy,Charline38,Skipstorm,1316208722,6976315239,5417154451,305 Stone Corner Trail,GatewayMacIdParallelWeb0139,SensorMacIdParallelWeb0139,us238
abkcfg39,abkcfg39,abkcfg39,@gmail.com,abcfg1@gmail.com,male,abkcfg39,2021-03-18,8338334440,Armenia,Eileen,Penny,3648362222,mcrowdy2t@naver.com,F64,Dubai,8523 Sugar Junction,Herve,Uff39,Marv39,Corella,mcrowdy2t@canalblog.com,Crowdy,Charline39,Skipstorm,1316208722,6976315239,5417154451,306 Stone Corner Trail,GatewayMacIdParallelWeb0140,SensorMacIdParallelWeb0140,us239
abkcfg40,abkcfg40,abkcfg40,@gmail.com,abcfg1@gmail.com,male,abkcfg40,2021-03-19,8338334441,Armenia,Eileen,Penny,3648362222,mcrowdy2t@naver.com,F65,Dubai,8524 Sugar Junction,Herve,Uff40,Marv40,Corella,mcrowdy2t@canalblog.com,Crowdy,Charline40,Skipstorm,1316208722,6976315239,5417154451,307 Stone Corner Trail,GatewayMacIdParallelWeb0141,SensorMacIdParallelWeb0141,us240
abkcfg41,abkcfg41,abkcfg41,@gmail.com,abcfg1@gmail.com,male,abkcfg41,2021-03-20,8338334442,Armenia,Eileen,Penny,3648362222,mcrowdy2t@naver.com,F66,Dubai,8525 Sugar Junction,Herve,Uff41,Marv41,Corella,mcrowdy2t@canalblog.com,Crowdy,Charline41,Skipstorm,1316208722,6976315239,5417154451,308 Stone Corner Trail,GatewayMacIdParallelWeb0142,SensorMacIdParallelWeb0142,us241
abkcfg42,abkcfg42,abkcfg42,@gmail.com,abcfg1@gmail.com,male,abkcfg42,2021-03-21,8338334443,Armenia,Eileen,Penny,3648362222,mcrowdy2t@naver.com,F67,Dubai,8526 Sugar Junction,Herve,Uff42,Marv42,Corella,mcrowdy2t@canalblog.com,Crowdy,Charline42,Skipstorm,1316208722,6976315239,5417154451,309 Stone Corner Trail,GatewayMacIdParallelWeb0143,SensorMacIdParallelWeb0143,us242
abkcfg43,abkcfg43,abkcfg43,@gmail.com,abcfg1@gmail.com,male,abkcfg43,2021-03-22,8338334444,Armenia,Eileen,Penny,3648362222,mcrowdy2t@naver.com,F68,Dubai,8527 Sugar Junction,Herve,Uff43,Marv43,Corella,mcrowdy2t@canalblog.com,Crowdy,Charline43,Skipstorm,1316208722,6976315239,5417154451,310 Stone Corner Trail,GatewayMacIdParallelWeb0144,SensorMacIdParallelWeb0144,us243
abkcfg44,abkcfg44,abkcfg44,@gmail.com,abcfg1@gmail.com,male,abkcfg44,2021-03-23,8338334445,Armenia,Eileen,Penny,3648362222,mcrowdy2t@naver.com,F69,Dubai,8528 Sugar Junction,Herve,Uff44,Marv44,Corella,mcrowdy2t@canalblog.com,Crowdy,Charline44,Skipstorm,1316208722,6976315239,5417154451,311 Stone Corner Trail,GatewayMacIdParallelWeb0145,SensorMacIdParallelWeb0145,us244
abkcfg45,abkcfg45,abkcfg45,@gmail.com,abcfg1@gmail.com,male,abkcfg45,2021-03-24,8338334446,Armenia,Eileen,Penny,3648362222,mcrowdy2t@naver.com,F70,Dubai,8529 Sugar Junction,Herve,Uff45,Marv45,Corella,mcrowdy2t@canalblog.com,Crowdy,Charline45,Skipstorm,1316208722,6976315239,5417154451,312 Stone Corner Trail,GatewayMacIdParallelWeb0146,SensorMacIdParallelWeb0146,us245
abkcfg46,abkcfg46,abkcfg46,@gmail.com,abcfg1@gmail.com,male,abkcfg46,2021-03-25,8338334447,Armenia,Eileen,Penny,3648362222,mcrowdy2t@naver.com,F71,Dubai,8530 Sugar Junction,Herve,Uff46,Marv46,Corella,mcrowdy2t@canalblog.com,Crowdy,Charline46,Skipstorm,1316208722,6976315239,5417154451,313 Stone Corner Trail,GatewayMacIdParallelWeb0147,SensorMacIdParallelWeb0147,us246
abkcfg47,abkcfg47,abkcfg47,@gmail.com,abcfg1@gmail.com,male,abkcfg47,2021-03-26,8338334448,Armenia,Eileen,Penny,3648362222,mcrowdy2t@naver.com,F72,Dubai,8531 Sugar Junction,Herve,Uff47,Marv47,Corella,mcrowdy2t@canalblog.com,Crowdy,Charline47,Skipstorm,1316208722,6976315239,5417154451,314 Stone Corner Trail,GatewayMacIdParallelWeb0148,SensorMacIdParallelWeb0148,us247
abkcfg48,abkcfg48,abkcfg48,@gmail.com,abcfg1@gmail.com,male,abkcfg48,2021-03-27,8338334449,Armenia,Eileen,Penny,3648362222,mcrowdy2t@naver.com,F73,Dubai,8532 Sugar Junction,Herve,Uff48,Marv48,Corella,mcrowdy2t@canalblog.com,Crowdy,Charline48,Skipstorm,1316208722,6976315239,5417154451,315 Stone Corner Trail,GatewayMacIdParallelWeb0149,SensorMacIdParallelWeb0149,us248
abkcfg49,abkcfg49,abkcfg49,@gmail.com,abcfg1@gmail.com,male,abkcfg49,2021-03-28,8338334450,Armenia,Eileen,Penny,3648362222,mcrowdy2t@naver.com,F74,Dubai,8533 Sugar Junction,Herve,Uff49,Marv49,Corella,mcrowdy2t@canalblog.com,Crowdy,Charline49,Skipstorm,1316208722,6976315239,5417154451,316 Stone Corner Trail,GatewayMacIdParallelWeb0150,SensorMacIdParallelWeb0150,us249
abkcfg50,abkcfg50,abkcfg50,@gmail.com,abcfg1@gmail.com,male,abkcfg50,2021-03-29,8338334451,Armenia,Eileen,Penny,3648362222,mcrowdy2t@naver.com,F75,Dubai,8534 Sugar Junction,Herve,Uff50,Marv50,Corella,mcrowdy2t@canalblog.com,Crowdy,Charline50,Skipstorm,1316208722,6976315239,5417154451,317 Stone Corner Trail,GatewayMacIdParallelWeb0151,SensorMacIdParallelWeb0151,us250
abkcfg51,abkcfg51,abkcfg51,@gmail.com,abcfg1@gmail.com,male,abkcfg51,2021-03-30,8338334452,Armenia,Eileen,Penny,3648362222,mcrowdy2t@naver.com,F76,Dubai,8535 Sugar Junction,Herve,Uff51,Marv51,Corella,mcrowdy2t@canalblog.com,Crowdy,Charline51,Skipstorm,1316208722,6976315239,5417154451,318 Stone Corner Trail,GatewayMacIdParallelWeb0152,SensorMacIdParallelWeb0152,us251
abkcfg52,abkcfg52,abkcfg52,@gmail.com,abcfg1@gmail.com,male,abkcfg52,2021-03-31,8338334453,Armenia,Eileen,Penny,3648362222,mcrowdy2t@naver.com,F77,Dubai,8536 Sugar Junction,Herve,Uff52,Marv52,Corella,mcrowdy2t@canalblog.com,Crowdy,Charline52,Skipstorm,1316208722,6976315239,5417154451,319 Stone Corner Trail,GatewayMacIdParallelWeb0153,SensorMacIdParallelWeb0153,us252
abkcfg53,abkcfg53,abkcfg53,@gmail.com,abcfg1@gmail.com,male,abkcfg53,2021-04-01,8338334454,Armenia,Eileen,Penny,3648362222,mcrowdy2t@naver.com,F78,Dubai,8537 Sugar Junction,Herve,Uff53,Marv53,Corella,mcrowdy2t@canalblog.com,Crowdy,Charline53,Skipstorm,1316208722,6976315239,5417154451,320 Stone Corner Trail,GatewayMacIdParallelWeb0154,SensorMacIdParallelWeb0154,us253
abkcfg54,abkcfg54,abkcfg54,@gmail.com,abcfg1@gmail.com,male,abkcfg54,2021-04-02,8338334455,Armenia,Eileen,Penny,3648362222,mcrowdy2t@naver.com,F79,Dubai,8538 Sugar Junction,Herve,Uff54,Marv54,Corella,mcrowdy2t@canalblog.com,Crowdy,Charline54,Skipstorm,1316208722,6976315239,5417154451,321 Stone Corner Trail,GatewayMacIdParallelWeb0155,SensorMacIdParallelWeb0155,us254
abkcfg55,abkcfg55,abkcfg55,@gmail.com,abcfg1@gmail.com,male,abkcfg55,2021-04-03,8338334456,Armenia,Eileen,Penny,3648362222,mcrowdy2t@naver.com,F80,Dubai,8539 Sugar Junction,Herve,Uff55,Marv55,Corella,mcrowdy2t@canalblog.com,Crowdy,Charline55,Skipstorm,1316208722,6976315239,5417154451,322 Stone Corner Trail,GatewayMacIdParallelWeb0156,SensorMacIdParallelWeb0156,us255
abkcfg56,abkcfg56,abkcfg56,@gmail.com,abcfg1@gmail.com,male,abkcfg56,2021-04-04,8338334457,Armenia,Eileen,Penny,3648362222,mcrowdy2t@naver.com,F81,Dubai,8540 Sugar Junction,Herve,Uff56,Marv56,Corella,mcrowdy2t@canalblog.com,Crowdy,Charline56,Skipstorm,1316208722,6976315239,5417154451,323 Stone Corner Trail,GatewayMacIdParallelWeb0157,SensorMacIdParallelWeb0157,us256
abkcfg57,abkcfg57,abkcfg57,@gmail.com,abcfg1@gmail.com,male,abkcfg57,2021-04-05,8338334458,Armenia,Eileen,Penny,3648362222,mcrowdy2t@naver.com,F82,Dubai,8541 Sugar Junction,Herve,Uff57,Marv57,Corella,mcrowdy2t@canalblog.com,Crowdy,Charline57,Skipstorm,1316208722,6976315239,5417154451,324 Stone Corner Trail,GatewayMacIdParallelWeb0158,SensorMacIdParallelWeb0158,us257
abkcfg58,abkcfg58,abkcfg58,@gmail.com,abcfg1@gmail.com,male,abkcfg58,2021-04-06,8338334459,Armenia,Eileen,Penny,3648362222,mcrowdy2t@naver.com,F83,Dubai,8542 Sugar Junction,Herve,Uff58,Marv58,Corella,mcrowdy2t@canalblog.com,Crowdy,Charline58,Skipstorm,1316208722,6976315239,5417154451,325 Stone Corner Trail,GatewayMacIdParallelWeb0159,SensorMacIdParallelWeb0159,us258
abkcfg59,abkcfg59,abkcfg59,@gmail.com,abcfg1@gmail.com,male,abkcfg59,2021-04-07,8338334460,Armenia,Eileen,Penny,3648362222,mcrowdy2t@naver.com,F84,Dubai,8543 Sugar Junction,Herve,Uff59,Marv59,Corella,mcrowdy2t@canalblog.com,Crowdy,Charline59,Skipstorm,1316208722,6976315239,5417154451,326 Stone Corner Trail,GatewayMacIdParallelWeb0160,SensorMacIdParallelWeb0160,us259
abkcfg60,abkcfg60,abkcfg60,@gmail.com,abcfg1@gmail.com,male,abkcfg60,2021-04-08,8338334461,Armenia,Eileen,Penny,3648362222,mcrowdy2t@naver.com,F85,Dubai,8544 Sugar Junction,Herve,Uff60,Marv60,Corella,mcrowdy2t@canalblog.com,Crowdy,Charline60,Skipstorm,1316208722,6976315239,5417154451,327 Stone Corner Trail,GatewayMacIdParallelWeb0161,SensorMacIdParallelWeb0161,us260
abkcfg61,abkcfg61,abkcfg61,@gmail.com,abcfg1@gmail.com,male,abkcfg61,2021-04-09,8338334462,Armenia,Eileen,Penny,3648362222,mcrowdy2t@naver.com,F86,Dubai,8545 Sugar Junction,Herve,Uff61,Marv61,Corella,mcrowdy2t@canalblog.com,Crowdy,Charline61,Skipstorm,1316208722,6976315239,5417154451,328 Stone Corner Trail,GatewayMacIdParallelWeb0162,SensorMacIdParallelWeb0162,us261
abkcfg62,abkcfg62,abkcfg62,@gmail.com,abcfg1@gmail.com,male,abkcfg62,2021-04-10,8338334463,Armenia,Eileen,Penny,3648362222,mcrowdy2t@naver.com,F87,Dubai,8546 Sugar Junction,Herve,Uff62,Marv62,Corella,mcrowdy2t@canalblog.com,Crowdy,Charline62,Skipstorm,1316208722,6976315239,5417154451,329 Stone Corner Trail,GatewayMacIdParallelWeb0163,SensorMacIdParallelWeb0163,us262
abkcfg63,abkcfg63,abkcfg63,@gmail.com,abcfg1@gmail.com,male,abkcfg63,2021-04-11,8338334464,Armenia,Eileen,Penny,3648362222,mcrowdy2t@naver.com,F88,Dubai,8547 Sugar Junction,Herve,Uff63,Marv63,Corella,mcrowdy2t@canalblog.com,Crowdy,Charline63,Skipstorm,1316208722,6976315239,5417154451,330 Stone Corner Trail,GatewayMacIdParallelWeb0164,SensorMacIdParallelWeb0164,us263
abkcfg64,abkcfg64,abkcfg64,@gmail.com,abcfg1@gmail.com,male,abkcfg64,2021-04-12,8338334465,Armenia,Eileen,Penny,3648362222,mcrowdy2t@naver.com,F89,Dubai,8548 Sugar Junction,Herve,Uff64,Marv64,Corella,mcrowdy2t@canalblog.com,Crowdy,Charline64,Skipstorm,1316208722,6976315239,5417154451,331 Stone Corner Trail,GatewayMacIdParallelWeb0165,SensorMacIdParallelWeb0165,us264
abkcfg65,abkcfg65,abkcfg65,@gmail.com,abcfg1@gmail.com,male,abkcfg65,2021-04-13,8338334466,Armenia,Eileen,Penny,3648362222,mcrowdy2t@naver.com,F90,Dubai,8549 Sugar Junction,Herve,Uff65,Marv65,Corella,mcrowdy2t@canalblog.com,Crowdy,Charline65,Skipstorm,1316208722,6976315239,5417154451,332 Stone Corner Trail,GatewayMacIdParallelWeb0166,SensorMacIdParallelWeb0166,us265
abkcfg66,abkcfg66,abkcfg66,@gmail.com,abcfg1@gmail.com,male,abkcfg66,2021-04-14,8338334467,Armenia,Eileen,Penny,3648362222,mcrowdy2t@naver.com,F91,Dubai,8550 Sugar Junction,Herve,Uff66,Marv66,Corella,mcrowdy2t@canalblog.com,Crowdy,Charline66,Skipstorm,1316208722,6976315239,5417154451,333 Stone Corner Trail,GatewayMacIdParallelWeb0167,SensorMacIdParallelWeb0167,us266
abkcfg67,abkcfg67,abkcfg67,@gmail.com,abcfg1@gmail.com,male,abkcfg67,2021-04-15,8338334468,Armenia,Eileen,Penny,3648362222,mcrowdy2t@naver.com,F92,Dubai,8551 Sugar Junction,Herve,Uff67,Marv67,Corella,mcrowdy2t@canalblog.com,Crowdy,Charline67,Skipstorm,1316208722,6976315239,5417154451,334 Stone Corner Trail,GatewayMacIdParallelWeb0168,SensorMacIdParallelWeb0168,us267
abkcfg68,abkcfg68,abkcfg68,@gmail.com,abcfg1@gmail.com,male,abkcfg68,2021-04-16,8338334469,Armenia,Eileen,Penny,3648362222,mcrowdy2t@naver.com,F93,Dubai,8552 Sugar Junction,Herve,Uff68,Marv68,Corella,mcrowdy2t@canalblog.com,Crowdy,Charline68,Skipstorm,1316208722,6976315239,5417154451,335 Stone Corner Trail,GatewayMacIdParallelWeb0169,SensorMacIdParallelWeb0169,us268
abkcfg69,abkcfg69,abkcfg69,@gmail.com,abcfg1@gmail.com,male,abkcfg69,2021-04-17,8338334470,Armenia,Eileen,Penny,3648362222,mcrowdy2t@naver.com,F94,Dubai,8553 Sugar Junction,Herve,Uff69,Marv69,Corella,mcrowdy2t@canalblog.com,Crowdy,Charline69,Skipstorm,1316208722,6976315239,5417154451,336 Stone Corner Trail,GatewayMacIdParallelWeb0170,SensorMacIdParallelWeb0170,us269
abkcfg70,abkcfg70,abkcfg70,@gmail.com,abcfg1@gmail.com,male,abkcfg70,2021-04-18,8338334471,Armenia,Eileen,Penny,3648362222,mcrowdy2t@naver.com,F95,Dubai,8554 Sugar Junction,Herve,Uff70,Marv70,Corella,mcrowdy2t@canalblog.com,Crowdy,Charline70,Skipstorm,1316208722,6976315239,5417154451,337 Stone Corner Trail,GatewayMacIdParallelWeb0171,SensorMacIdParallelWeb0171,us270
abkcfg71,abkcfg71,abkcfg71,@gmail.com,abcfg1@gmail.com,male,abkcfg71,2021-04-19,8338334472,Armenia,Eileen,Penny,3648362222,mcrowdy2t@naver.com,F96,Dubai,8555 Sugar Junction,Herve,Uff71,Marv71,Corella,mcrowdy2t@canalblog.com,Crowdy,Charline71,Skipstorm,1316208722,6976315239,5417154451,338 Stone Corner Trail,GatewayMacIdParallelWeb0172,SensorMacIdParallelWeb0172,us271
abkcfg72,abkcfg72,abkcfg72,@gmail.com,abcfg1@gmail.com,male,abkcfg72,2021-04-20,8338334473,Armenia,Eileen,Penny,3648362222,mcrowdy2t@naver.com,F97,Dubai,8556 Sugar Junction,Herve,Uff72,Marv72,Corella,mcrowdy2t@canalblog.com,Crowdy,Charline72,Skipstorm,1316208722,6976315239,5417154451,339 Stone Corner Trail,GatewayMacIdParallelWeb0173,SensorMacIdParallelWeb0173,us272
abkcfg73,abkcfg73,abkcfg73,@gmail.com,abcfg1@gmail.com,male,abkcfg73,2021-04-21,8338334474,Armenia,Eileen,Penny,3648362222,mcrowdy2t@naver.com,F98,Dubai,8557 Sugar Junction,Herve,Uff73,Marv73,Corella,mcrowdy2t@canalblog.com,Crowdy,Charline73,Skipstorm,1316208722,6976315239,5417154451,340 Stone Corner Trail,GatewayMacIdParallelWeb0174,SensorMacIdParallelWeb0174,us273
abkcfg74,abkcfg74,abkcfg74,@gmail.com,abcfg1@gmail.com,male,abkcfg74,2021-04-22,8338334475,Armenia,Eileen,Penny,3648362222,mcrowdy2t@naver.com,F99,Dubai,8558 Sugar Junction,Herve,Uff74,Marv74,Corella,mcrowdy2t@canalblog.com,Crowdy,Charline74,Skipstorm,1316208722,6976315239,5417154451,341 Stone Corner Trail,GatewayMacIdParallelWeb0175,SensorMacIdParallelWeb0175,us274
abkcfg75,abkcfg75,abkcfg75,@gmail.com,abcfg1@gmail.com,male,abkcfg75,2021-04-23,8338334476,Armenia,Eileen,Penny,3648362222,mcrowdy2t@naver.com,F100,Dubai,8559 Sugar Junction,Herve,Uff75,Marv75,Corella,mcrowdy2t@canalblog.com,Crowdy,Charline75,Skipstorm,1316208722,6976315239,5417154451,342 Stone Corner Trail,GatewayMacIdParallelWeb0176,SensorMacIdParallelWeb0176,us275
abkcfg76,abkcfg76,abkcfg76,@gmail.com,abcfg1@gmail.com,male,abkcfg76,2021-04-24,8338334477,Armenia,Eileen,Penny,3648362222,mcrowdy2t@naver.com,F101,Dubai,8560 Sugar Junction,Herve,Uff76,Marv76,Corella,mcrowdy2t@canalblog.com,Crowdy,Charline76,Skipstorm,1316208722,6976315239,5417154451,343 Stone Corner Trail,GatewayMacIdParallelWeb0177,SensorMacIdParallelWeb0177,us276
abkcfg77,abkcfg77,abkcfg77,@gmail.com,abcfg1@gmail.com,male,abkcfg77,2021-04-25,8338334478,Armenia,Eileen,Penny,3648362222,mcrowdy2t@naver.com,F102,Dubai,8561 Sugar Junction,Herve,Uff77,Marv77,Corella,mcrowdy2t@canalblog.com,Crowdy,Charline77,Skipstorm,1316208722,6976315239,5417154451,344 Stone Corner Trail,GatewayMacIdParallelWeb0178,SensorMacIdParallelWeb0178,us277
abkcfg78,abkcfg78,abkcfg78,@gmail.com,abcfg1@gmail.com,male,abkcfg78,2021-04-26,8338334479,Armenia,Eileen,Penny,3648362222,mcrowdy2t@naver.com,F103,Dubai,8562 Sugar Junction,Herve,Uff78,Marv78,Corella,mcrowdy2t@canalblog.com,Crowdy,Charline78,Skipstorm,1316208722,6976315239,5417154451,345 Stone Corner Trail,GatewayMacIdParallelWeb0179,SensorMacIdParallelWeb0179,us278
abkcfg79,abkcfg79,abkcfg79,@gmail.com,abcfg1@gmail.com,male,abkcfg79,2021-04-27,8338334480,Armenia,Eileen,Penny,3648362222,mcrowdy2t@naver.com,F104,Dubai,8563 Sugar Junction,Herve,Uff79,Marv79,Corella,mcrowdy2t@canalblog.com,Crowdy,Charline79,Skipstorm,1316208722,6976315239,5417154451,346 Stone Corner Trail,GatewayMacIdParallelWeb0180,SensorMacIdParallelWeb0180,us279
abkcfg80,abkcfg80,abkcfg80,@gmail.com,abcfg1@gmail.com,male,abkcfg80,2021-04-28,8338334481,Armenia,Eileen,Penny,3648362222,mcrowdy2t@naver.com,F105,Dubai,8564 Sugar Junction,Herve,Uff80,Marv80,Corella,mcrowdy2t@canalblog.com,Crowdy,Charline80,Skipstorm,1316208722,6976315239,5417154451,347 Stone Corner Trail,GatewayMacIdParallelWeb0181,SensorMacIdParallelWeb0181,us280
abkcfg81,abkcfg81,abkcfg81,@gmail.com,abcfg1@gmail.com,male,abkcfg81,2021-04-29,8338334482,Armenia,Eileen,Penny,3648362222,mcrowdy2t@naver.com,F106,Dubai,8565 Sugar Junction,Herve,Uff81,Marv81,Corella,mcrowdy2t@canalblog.com,Crowdy,Charline81,Skipstorm,1316208722,6976315239,5417154451,348 Stone Corner Trail,GatewayMacIdParallelWeb0182,SensorMacIdParallelWeb0182,us281
abkcfg82,abkcfg82,abkcfg82,@gmail.com,abcfg1@gmail.com,male,abkcfg82,2021-04-30,8338334483,Armenia,Eileen,Penny,3648362222,mcrowdy2t@naver.com,F107,Dubai,8566 Sugar Junction,Herve,Uff82,Marv82,Corella,mcrowdy2t@canalblog.com,Crowdy,Charline82,Skipstorm,1316208722,6976315239,5417154451,349 Stone Corner Trail,GatewayMacIdParallelWeb0183,SensorMacIdParallelWeb0183,us282
abkcfg83,abkcfg83,abkcfg83,@gmail.com,abcfg1@gmail.com,male,abkcfg83,2021-05-01,8338334484,Armenia,Eileen,Penny,3648362222,mcrowdy2t@naver.com,F108,Dubai,8567 Sugar Junction,Herve,Uff83,Marv83,Corella,mcrowdy2t@canalblog.com,Crowdy,Charline83,Skipstorm,1316208722,6976315239,5417154451,350 Stone Corner Trail,GatewayMacIdParallelWeb0184,SensorMacIdParallelWeb0184,us283
abkcfg84,abkcfg84,abkcfg84,@gmail.com,abcfg1@gmail.com,male,abkcfg84,2021-05-02,8338334485,Armenia,Eileen,Penny,3648362222,mcrowdy2t@naver.com,F109,Dubai,8568 Sugar Junction,Herve,Uff84,Marv84,Corella,mcrowdy2t@canalblog.com,Crowdy,Charline84,Skipstorm,1316208722,6976315239,5417154451,351 Stone Corner Trail,GatewayMacIdParallelWeb0185,SensorMacIdParallelWeb0185,us284
abkcfg85,abkcfg85,abkcfg85,@gmail.com,abcfg1@gmail.com,male,abkcfg85,2021-05-03,8338334486,Armenia,Eileen,Penny,3648362222,mcrowdy2t@naver.com,F110,Dubai,8569 Sugar Junction,Herve,Uff85,Marv85,Corella,mcrowdy2t@canalblog.com,Crowdy,Charline85,Skipstorm,1316208722,6976315239,5417154451,352 Stone Corner Trail,GatewayMacIdParallelWeb0186,SensorMacIdParallelWeb0186,us285
abkcfg86,abkcfg86,abkcfg86,@gmail.com,abcfg1@gmail.com,male,abkcfg86,2021-05-04,8338334487,Armenia,Eileen,Penny,3648362222,mcrowdy2t@naver.com,F111,Dubai,8570 Sugar Junction,Herve,Uff86,Marv86,Corella,mcrowdy2t@canalblog.com,Crowdy,Charline86,Skipstorm,1316208722,6976315239,5417154451,353 Stone Corner Trail,GatewayMacIdParallelWeb0187,SensorMacIdParallelWeb0187,us286
abkcfg87,abkcfg87,abkcfg87,@gmail.com,abcfg1@gmail.com,male,abkcfg87,2021-05-05,8338334488,Armenia,Eileen,Penny,3648362222,mcrowdy2t@naver.com,F112,Dubai,8571 Sugar Junction,Herve,Uff87,Marv87,Corella,mcrowdy2t@canalblog.com,Crowdy,Charline87,Skipstorm,1316208722,6976315239,5417154451,354 Stone Corner Trail,GatewayMacIdParallelWeb0188,SensorMacIdParallelWeb0188,us287
abkcfg88,abkcfg88,abkcfg88,@gmail.com,abcfg1@gmail.com,male,abkcfg88,2021-05-06,8338334489,Armenia,Eileen,Penny,3648362222,mcrowdy2t@naver.com,F113,Dubai,8572 Sugar Junction,Herve,Uff88,Marv88,Corella,mcrowdy2t@canalblog.com,Crowdy,Charline88,Skipstorm,1316208722,6976315239,5417154451,355 Stone Corner Trail,GatewayMacIdParallelWeb0189,SensorMacIdParallelWeb0189,us288
abkcfg89,abkcfg89,abkcfg89,@gmail.com,abcfg1@gmail.com,male,abkcfg89,2021-05-07,8338334490,Armenia,Eileen,Penny,3648362222,mcrowdy2t@naver.com,F114,Dubai,8573 Sugar Junction,Herve,Uff89,Marv89,Corella,mcrowdy2t@canalblog.com,Crowdy,Charline89,Skipstorm,1316208722,6976315239,5417154451,356 Stone Corner Trail,GatewayMacIdParallelWeb0190,SensorMacIdParallelWeb0190,us289
abkcfg90,abkcfg90,abkcfg90,@gmail.com,abcfg1@gmail.com,male,abkcfg90,2021-05-08,8338334491,Armenia,Eileen,Penny,3648362222,mcrowdy2t@naver.com,F115,Dubai,8574 Sugar Junction,Herve,Uff90,Marv90,Corella,mcrowdy2t@canalblog.com,Crowdy,Charline90,Skipstorm,1316208722,6976315239,5417154451,357 Stone Corner Trail,GatewayMacIdParallelWeb0191,SensorMacIdParallelWeb0191,us290
abkcfg91,abkcfg91,abkcfg91,@gmail.com,abcfg1@gmail.com,male,abkcfg91,2021-05-09,8338334492,Armenia,Eileen,Penny,3648362222,mcrowdy2t@naver.com,F116,Dubai,8575 Sugar Junction,Herve,Uff91,Marv91,Corella,mcrowdy2t@canalblog.com,Crowdy,Charline91,Skipstorm,1316208722,6976315239,5417154451,358 Stone Corner Trail,GatewayMacIdParallelWeb0192,SensorMacIdParallelWeb0192,us291
abkcfg92,abkcfg92,abkcfg92,@gmail.com,abcfg1@gmail.com,male,abkcfg92,2021-05-10,8338334493,Armenia,Eileen,Penny,3648362222,mcrowdy2t@naver.com,F117,Dubai,8576 Sugar Junction,Herve,Uff92,Marv92,Corella,mcrowdy2t@canalblog.com,Crowdy,Charline92,Skipstorm,1316208722,6976315239,5417154451,359 Stone Corner Trail,GatewayMacIdParallelWeb0193,SensorMacIdParallelWeb0193,us292
abkcfg93,abkcfg93,abkcfg93,@gmail.com,abcfg1@gmail.com,male,abkcfg93,2021-05-11,8338334494,Armenia,Eileen,Penny,3648362222,mcrowdy2t@naver.com,F118,Dubai,8577 Sugar Junction,Herve,Uff93,Marv93,Corella,mcrowdy2t@canalblog.com,Crowdy,Charline93,Skipstorm,1316208722,6976315239,5417154451,360 Stone Corner Trail,GatewayMacIdParallelWeb0194,SensorMacIdParallelWeb0194,us293
abkcfg94,abkcfg94,abkcfg94,@gmail.com,abcfg1@gmail.com,male,abkcfg94,2021-05-12,8338334495,Armenia,Eileen,Penny,3648362222,mcrowdy2t@naver.com,F119,Dubai,8578 Sugar Junction,Herve,Uff94,Marv94,Corella,mcrowdy2t@canalblog.com,Crowdy,Charline94,Skipstorm,1316208722,6976315239,5417154451,361 Stone Corner Trail,GatewayMacIdParallelWeb0195,SensorMacIdParallelWeb0195,us294
abkcfg95,abkcfg95,abkcfg95,@gmail.com,abcfg1@gmail.com,male,abkcfg95,2021-05-13,8338334496,Armenia,Eileen,Penny,3648362222,mcrowdy2t@naver.com,F120,Dubai,8579 Sugar Junction,Herve,Uff95,Marv95,Corella,mcrowdy2t@canalblog.com,Crowdy,Charline95,Skipstorm,1316208722,6976315239,5417154451,362 Stone Corner Trail,GatewayMacIdParallelWeb0196,SensorMacIdParallelWeb0196,us295
abkcfg96,abkcfg96,abkcfg96,@gmail.com,abcfg1@gmail.com,male,abkcfg96,2021-05-14,8338334497,Armenia,Eileen,Penny,3648362222,mcrowdy2t@naver.com,F121,Dubai,8580 Sugar Junction,Herve,Uff96,Marv96,Corella,mcrowdy2t@canalblog.com,Crowdy,Charline96,Skipstorm,1316208722,6976315239,5417154451,363 Stone Corner Trail,GatewayMacIdParallelWeb0197,SensorMacIdParallelWeb0197,us296
abkcfg97,abkcfg97,abkcfg97,@gmail.com,abcfg1@gmail.com,male,abkcfg97,2021-05-15,8338334498,Armenia,Eileen,Penny,3648362222,mcrowdy2t@naver.com,F122,Dubai,8581 Sugar Junction,Herve,Uff97,Marv97,Corella,mcrowdy2t@canalblog.com,Crowdy,Charline97,Skipstorm,1316208722,6976315239,5417154451,364 Stone Corner Trail,GatewayMacIdParallelWeb0198,SensorMacIdParallelWeb0198,us297
abkcfg98,abkcfg98,abkcfg98,@gmail.com,abcfg1@gmail.com,male,abkcfg98,2021-05-16,8338334499,Armenia,Eileen,Penny,3648362222,mcrowdy2t@naver.com,F123,Dubai,8582 Sugar Junction,Herve,Uff98,Marv98,Corella,mcrowdy2t@canalblog.com,Crowdy,Charline98,Skipstorm,1316208722,6976315239,5417154451,365 Stone Corner Trail,GatewayMacIdParallelWeb0199,SensorMacIdParallelWeb0199,us298
abkcfg99,abkcfg99,abkcfg99,@gmail.com,abcfg1@gmail.com,male,abkcfg99,2021-05-17,8338334500,Armenia,Eileen,Penny,3648362222,mcrowdy2t@naver.com,F124,Dubai,8583 Sugar Junction,Herve,Uff99,Marv99,Corella,mcrowdy2t@canalblog.com,Crowdy,Charline99,Skipstorm,1316208722,6976315239,5417154451,366 Stone Corner Trail,GatewayMacIdParallelWeb0200,SensorMacIdParallelWeb0200,us299
abkcfg100,abkcfg100,abkcfg100,@gmail.com,abcfg1@gmail.com,male,abkcfg100,2021-05-18,8338334501,Armenia,Eileen,Penny,3648362222,mcrowdy2t@naver.com,F125,Dubai,8584 Sugar Junction,Herve,Uff100,Marv100,Corella,mcrowdy2t@canalblog.com,Crowdy,Charline100,Skipstorm,1316208722,6976315239,5417154451,367 Stone Corner Trail,GatewayMacIdParallelWeb0201,SensorMacIdParallelWeb0201,us300
,,,,,,,,,,,,,,,,,,,,,,,,,,,,,,,
,,,,,,,,,,,,,,,,,,,,,,,,,,,,,,,
,,,,,,,,,,,,,,,,,,,,,,,,,,,,,,,
,,,,,,,,,,,,,,,,,,,,,,,,,,,,,,,
,,,,,,,,,,,,,,,,,,,,,,,,,,,,,,,
,,,,,,,,,,,,,,,,,,,,,,,,,,,,,,,
,,,,,,,,,,,,,,,,,,,,,,,,,,,,,,,
,,,,,,,,,,,,,,,,,,,,,,,,,,,,,,,
,,,,,,,,,,,,,,,,,,,,,,,,,,,,,,,
,,,,,,,,,,,,,,,,,,,,,,,,,,,,,,,
,,,,,,,,,,,,,,,,,,,,,,,,,,,,,,,
,,,,,,,,,,,,,,,,,,,,,,,,,,,,,,,
,,,,,,,,,,,,,,,,,,,,,,,,,,,,,,,
,,,,,,,,,,,,,,,,,,,,,,,,,,,,,,,
,,,,,,,,,,,,,,,,,,,,,,,,,,,,,,,
,,,,,,,,,,,,,,,,,,,,,,,,,,,,,,,
,,,,,,,,,,,,,,,,,,,,,,,,,,,,,,,
,,,,,,,,,,,,,,,,,,,,,,,,,,,,,,,
,,,,,,,,,,,,,,,,,,,,,,,,,,,,,,,
,,,,,,,,,,,,,,,,,,,,,,,,,,,,,,,
,,,,,,,,,,,,,,,,,,,,,,,,,,,,,,,
,,,,,,,,,,,,,,,,,,,,,,,,,,,,,,,
,,,,,,,,,,,,,,,,,,,,,,,,,,,,,,,
,,,,,,,,,,,,,,,,,,,,,,,,,,,,,,,
,,,,,,,,,,,,,,,,,,,,,,,,,,,,,,,
,,,,,,,,,,,,,,,,,,,,,,,,,,,,,,,
,,,,,,,,,,,,,,,,,,,,,,,,,,,,,,,
,,,,,,,,,,,,,,,,,,,,,,,,,,,,,,,
,,,,,,,,,,,,,,,,,,,,,,,,,,,,,,,
,,,,,,,,,,,,,,,,,,,,,,,,,,,,,,,
,,,,,,,,,,,,,,,,,,,,,,,,,,,,,,,
,,,,,,,,,,,,,,,,,,,,,,,,,,,,,,,
,,,,,,,,,,,,,,,,,,,,,,,,,,,,,,,
,,,,,,,,,,,,,,,,,,,,,,,,,,,,,,,
,,,,,,,,,,,,,,,,,,,,,,,,,,,,,,,
,,,,,,,,,,,,,,,,,,,,,,,,,,,,,,,
,,,,,,,,,,,,,,,,,,,,,,,,,,,,,,,
,,,,,,,,,,,,,,,,,,,,,,,,,,,,,,,
,,,,,,,,,,,,,,,,,,,,,,,,,,,,,,,
,,,,,,,,,,,,,,,,,,,,,,,,,,,,,,,
,,,,,,,,,,,,,,,,,,,,,,,,,,,,,,,
,,,,,,,,,,,,,,,,,,,,,,,,,,,,,,,
,,,,,,,,,,,,,,,,,,,,,,,,,,,,,,,
,,,,,,,,,,,,,,,,,,,,,,,,,,,,,,,
,,,,,,,,,,,,,,,,,,,,,,,,,,,,,,,
,,,,,,,,,,,,,,,,,,,,,,,,,,,,,,,
,,,,,,,,,,,,,,,,,,,,,,,,,,,,,,,
,,,,,,,,,,,,,,,,,,,,,,,,,,,,,,,
,,,,,,,,,,,,,,,,,,,,,,,,,,,,,,,
,,,,,,,,,,,,,,,,,,,,,,,,,,,,,,,
,,,,,,,,,,,,,,,,,,,,,,,,,,,,,,,
,,,,,,,,,,,,,,,,,,,,,,,,,,,,,,,
,,,,,,,,,,,,,,,,,,,,,,,,,,,,,,,
,,,,,,,,,,,,,,,,,,,,,,,,,,,,,,,
,,,,,,,,,,,,,,,,,,,,,,,,,,,,,,,
,,,,,,,,,,,,,,,,,,,,,,,,,,,,,,,
,,,,,,,,,,,,,,,,,,,,,,,,,,,,,,,
,,,,,,,,,,,,,,,,,,,,,,,,,,,,,,,
,,,,,,,,,,,,,,,,,,,,,,,,,,,,,,,
,,,,,,,,,,,,,,,,,,,,,,,,,,,,,,,
,,,,,,,,,,,,,,,,,,,,,,,,,,,,,,,
,,,,,,,,,,,,,,,,,,,,,,,,,,,,,,,
,,,,,,,,,,,,,,,,,,,,,,,,,,,,,,,
,,,,,,,,,,,,,,,,,,,,,,,,,,,,,,,
,,,,,,,,,,,,,,,,,,,,,,,,,,,,,,,
,,,,,,,,,,,,,,,,,,,,,,,,,,,,,,,
,,,,,,,,,,,,,,,,,,,,,,,,,,,,,,,
,,,,,,,,,,,,,,,,,,,,,,,,,,,,,,,
,,,,,,,,,,,,,,,,,,,,,,,,,,,,,,,
,,,,,,,,,,,,,,,,,,,,,,,,,,,,,,,
,,,,,,,,,,,,,,,,,,,,,,,,,,,,,,,
,,,,,,,,,,,,,,,,,,,,,,,,,,,,,,,
,,,,,,,,,,,,,,,,,,,,,,,,,,,,,,,
,,,,,,,,,,,,,,,,,,,,,,,,,,,,,,,
,,,,,,,,,,,,,,,,,,,,,,,,,,,,,,,
,,,,,,,,,,,,,,,,,,,,,,,,,,,,,,,
,,,,,,,,,,,,,,,,,,,,,,,,,,,,,,,
,,,,,,,,,,,,,,,,,,,,,,,,,,,,,,,
,,,,,,,,,,,,,,,,,,,,,,,,,,,,,,,
,,,,,,,,,,,,,,,,,,,,,,,,,,,,,,,
,,,,,,,,,,,,,,,,,,,,,,,,,,,,,,,
,,,,,,,,,,,,,,,,,,,,,,,,,,,,,,,
,,,,,,,,,,,,,,,,,,,,,,,,,,,,,,,
,,,,,,,,,,,,,,,,,,,,,,,,,,,,,,,
,,,,,,,,,,,,,,,,,,,,,,,,,,,,,,,
,,,,,,,,,,,,,,,,,,,,,,,,,,,,,,,
,,,,,,,,,,,,,,,,,,,,,,,,,,,,,,,
,,,,,,,,,,,,,,,,,,,,,,,,,,,,,,,
,,,,,,,,,,,,,,,,,,,,,,,,,,,,,,,
,,,,,,,,,,,,,,,,,,,,,,,,,,,,,,,
,,,,,,,,,,,,,,,,,,,,,,,,,,,,,,,
,,,,,,,,,,,,,,,,,,,,,,,,,,,,,,,
,,,,,,,,,,,,,,,,,,,,,,,,,,,,,,,
,,,,,,,,,,,,,,,,,,,,,,,,,,,,,,,
,,,,,,,,,,,,,,,,,,,,,,,,,,,,,,,
,,,,,,,,,,,,,,,,,,,,,,,,,,,,,,,
,,,,,,,,,,,,,,,,,,,,,,,,,,,,,,,
,,,,,,,,,,,,,,,,,,,,,,,,,,,,,,,
,,,,,,,,,,,,,,,,,,,,,,,,,,,,,,,
,,,,,,,,,,,,,,,,,,,,,,,,,,,,,,,
,,,,,,,,,,,,,,,,,,,,,,,,,,,,,,,
,,,,,,,,,,,,,,,,,,,,,,,,,,,,,,,
,,,,,,,,,,,,,,,,,,,,,,,,,,,,,,,
,,,,,,,,,,,,,,,,,,,,,,,,,,,,,,,
,,,,,,,,,,,,,,,,,,,,,,,,,,,,,,,
,,,,,,,,,,,,,,,,,,,,,,,,,,,,,,,
,,,,,,,,,,,,,,,,,,,,,,,,,,,,,,,
,,,,,,,,,,,,,,,,,,,,,,,,,,,,,,,
,,,,,,,,,,,,,,,,,,,,,,,,,,,,,,,
,,,,,,,,,,,,,,,,,,,,,,,,,,,,,,,
,,,,,,,,,,,,,,,,,,,,,,,,,,,,,,,
,,,,,,,,,,,,,,,,,,,,,,,,,,,,,,,
,,,,,,,,,,,,,,,,,,,,,,,,,,,,,,,
,,,,,,,,,,,,,,,,,,,,,,,,,,,,,,,
,,,,,,,,,,,,,,,,,,,,,,,,,,,,,,,
,,,,,,,,,,,,,,,,,,,,,,,,,,,,,,,
,,,,,,,,,,,,,,,,,,,,,,,,,,,,,,,
,,,,,,,,,,,,,,,,,,,,,,,,,,,,,,,
,,,,,,,,,,,,,,,,,,,,,,,,,,,,,,,
,,,,,,,,,,,,,,,,,,,,,,,,,,,,,,,
,,,,,,,,,,,,,,,,,,,,,,,,,,,,,,,
,,,,,,,,,,,,,,,,,,,,,,,,,,,,,,,
,,,,,,,,,,,,,,,,,,,,,,,,,,,,,,,
,,,,,,,,,,,,,,,,,,,,,,,,,,,,,,,
,,,,,,,,,,,,,,,,,,,,,,,,,,,,,,,
,,,,,,,,,,,,,,,,,,,,,,,,,,,,,,,
,,,,,,,,,,,,,,,,,,,,,,,,,,,,,,,
,,,,,,,,,,,,,,,,,,,,,,,,,,,,,,,
,,,,,,,,,,,,,,,,,,,,,,,,,,,,,,,
,,,,,,,,,,,,,,,,,,,,,,,,,,,,,,,
,,,,,,,,,,,,,,,,,,,,,,,,,,,,,,,
,,,,,,,,,,,,,,,,,,,,,,,,,,,,,,,
,,,,,,,,,,,,,,,,,,,,,,,,,,,,,,,
,,,,,,,,,,,,,,,,,,,,,,,,,,,,,,,
,,,,,,,,,,,,,,,,,,,,,,,,,,,,,,,
,,,,,,,,,,,,,,,,,,,,,,,,,,,,,,,
,,,,,,,,,,,,,,,,,,,,,,,,,,,,,,,
,,,,,,,,,,,,,,,,,,,,,,,,,,,,,,,
,,,,,,,,,,,,,,,,,,,,,,,,,,,,,,,
,,,,,,,,,,,,,,,,,,,,,,,,,,,,,,,
,,,,,,,,,,,,,,,,,,,,,,,,,,,,,,,
,,,,,,,,,,,,,,,,,,,,,,,,,,,,,,,
,,,,,,,,,,,,,,,,,,,,,,,,,,,,,,,
,,,,,,,,,,,,,,,,,,,,,,,,,,,,,,,
,,,,,,,,,,,,,,,,,,,,,,,,,,,,,,,
,,,,,,,,,,,,,,,,,,,,,,,,,,,,,,,
,,,,,,,,,,,,,,,,,,,,,,,,,,,,,,,
,,,,,,,,,,,,,,,,,,,,,,,,,,,,,,,
,,,,,,,,,,,,,,,,,,,,,,,,,,,,,,,
,,,,,,,,,,,,,,,,,,,,,,,,,,,,,,,
,,,,,,,,,,,,,,,,,,,,,,,,,,,,,,,
,,,,,,,,,,,,,,,,,,,,,,,,,,,,,,,
,,,,,,,,,,,,,,,,,,,,,,,,,,,,,,,
,,,,,,,,,,,,,,,,,,,,,,,,,,,,,,,
,,,,,,,,,,,,,,,,,,,,,,,,,,,,,,,
,,,,,,,,,,,,,,,,,,,,,,,,,,,,,,,
,,,,,,,,,,,,,,,,,,,,,,,,,,,,,,,
,,,,,,,,,,,,,,,,,,,,,,,,,,,,,,,
,,,,,,,,,,,,,,,,,,,,,,,,,,,,,,,
,,,,,,,,,,,,,,,,,,,,,,,,,,,,,,,
,,,,,,,,,,,,,,,,,,,,,,,,,,,,,,,
,,,,,,,,,,,,,,,,,,,,,,,,,,,,,,,
,,,,,,,,,,,,,,,,,,,,,,,,,,,,,,,
,,,,,,,,,,,,,,,,,,,,,,,,,,,,,,,
,,,,,,,,,,,,,,,,,,,,,,,,,,,,,,,
,,,,,,,,,,,,,,,,,,,,,,,,,,,,,,,
,,,,,,,,,,,,,,,,,,,,,,,,,,,,,,,
,,,,,,,,,,,,,,,,,,,,,,,,,,,,,,,
,,,,,,,,,,,,,,,,,,,,,,,,,,,,,,,
,,,,,,,,,,,,,,,,,,,,,,,,,,,,,,,
,,,,,,,,,,,,,,,,,,,,,,,,,,,,,,,
,,,,,,,,,,,,,,,,,,,,,,,,,,,,,,,
,,,,,,,,,,,,,,,,,,,,,,,,,,,,,,,
,,,,,,,,,,,,,,,,,,,,,,,,,,,,,,,
,,,,,,,,,,,,,,,,,,,,,,,,,,,,,,,
,,,,,,,,,,,,,,,,,,,,,,,,,,,,,,,
,,,,,,,,,,,,,,,,,,,,,,,,,,,,,,,
,,,,,,,,,,,,,,,,,,,,,,,,,,,,,,,
,,,,,,,,,,,,,,,,,,,,,,,,,,,,,,,
,,,,,,,,,,,,,,,,,,,,,,,,,,,,,,,
,,,,,,,,,,,,,,,,,,,,,,,,,,,,,,,
,,,,,,,,,,,,,,,,,,,,,,,,,,,,,,,
,,,,,,,,,,,,,,,,,,,,,,,,,,,,,,,
,,,,,,,,,,,,,,,,,,,,,,,,,,,,,,,
,,,,,,,,,,,,,,,,,,,,,,,,,,,,,,,
,,,,,,,,,,,,,,,,,,,,,,,,,,,,,,,
,,,,,,,,,,,,,,,,,,,,,,,,,,,,,,,
,,,,,,,,,,,,,,,,,,,,,,,,,,,,,,,
,,,,,,,,,,,,,,,,,,,,,,,,,,,,,,,
,,,,,,,,,,,,,,,,,,,,,,,,,,,,,,,
,,,,,,,,,,,,,,,,,,,,,,,,,,,,,,,
,,,,,,,,,,,,,,,,,,,,,,,,,,,,,,,
,,,,,,,,,,,,,,,,,,,,,,,,,,,,,,,
,,,,,,,,,,,,,,,,,,,,,,,,,,,,,,,
,,,,,,,,,,,,,,,,,,,,,,,,,,,,,,,
,,,,,,,,,,,,,,,,,,,,,,,,,,,,,,,
,,,,,,,,,,,,,,,,,,,,,,,,,,,,,,,
,,,,,,,,,,,,,,,,,,,,,,,,,,,,,,,
,,,,,,,,,,,,,,,,,,,,,,,,,,,,,,,
,,,,,,,,,,,,,,,,,,,,,,,,,,,,,,,
,,,,,,,,,,,,,,,,,,,,,,,,,,,,,,,
,,,,,,,,,,,,,,,,,,,,,,,,,,,,,,,
,,,,,,,,,,,,,,,,,,,,,,,,,,,,,,,
,,,,,,,,,,,,,,,,,,,,,,,,,,,,,,,
,,,,,,,,,,,,,,,,,,,,,,,,,,,,,,,
,,,,,,,,,,,,,,,,,,,,,,,,,,,,,,,
,,,,,,,,,,,,,,,,,,,,,,,,,,,,,,,
,,,,,,,,,,,,,,,,,,,,,,,,,,,,,,,
,,,,,,,,,,,,,,,,,,,,,,,,,,,,,,,
,,,,,,,,,,,,,,,,,,,,,,,,,,,,,,,
,,,,,,,,,,,,,,,,,,,,,,,,,,,,,,,
,,,,,,,,,,,,,,,,,,,,,,,,,,,,,,,
,,,,,,,,,,,,,,,,,,,,,,,,,,,,,,,
,,,,,,,,,,,,,,,,,,,,,,,,,,,,,,,
,,,,,,,,,,,,,,,,,,,,,,,,,,,,,,,
,,,,,,,,,,,,,,,,,,,,,,,,,,,,,,,
,,,,,,,,,,,,,,,,,,,,,,,,,,,,,,,
,,,,,,,,,,,,,,,,,,,,,,,,,,,,,,,
,,,,,,,,,,,,,,,,,,,,,,,,,,,,,,,
,,,,,,,,,,,,,,,,,,,,,,,,,,,,,,,
,,,,,,,,,,,,,,,,,,,,,,,,,,,,,,,
,,,,,,,,,,,,,,,,,,,,,,,,,,,,,,,
,,,,,,,,,,,,,,,,,,,,,,,,,,,,,,,
,,,,,,,,,,,,,,,,,,,,,,,,,,,,,,,
,,,,,,,,,,,,,,,,,,,,,,,,,,,,,,,
,,,,,,,,,,,,,,,,,,,,,,,,,,,,,,,
,,,,,,,,,,,,,,,,,,,,,,,,,,,,,,,
,,,,,,,,,,,,,,,,,,,,,,,,,,,,,,,
,,,,,,,,,,,,,,,,,,,,,,,,,,,,,,,
,,,,,,,,,,,,,,,,,,,,,,,,,,,,,,,
,,,,,,,,,,,,,,,,,,,,,,,,,,,,,,,
,,,,,,,,,,,,,,,,,,,,,,,,,,,,,,,
,,,,,,,,,,,,,,,,,,,,,,,,,,,,,,,
,,,,,,,,,,,,,,,,,,,,,,,,,,,,,,,
,,,,,,,,,,,,,,,,,,,,,,,,,,,,,,,
,,,,,,,,,,,,,,,,,,,,,,,,,,,,,,,
,,,,,,,,,,,,,,,,,,,,,,,,,,,,,,,
,,,,,,,,,,,,,,,,,,,,,,,,,,,,,,,
,,,,,,,,,,,,,,,,,,,,,,,,,,,,,,,
,,,,,,,,,,,,,,,,,,,,,,,,,,,,,,,
,,,,,,,,,,,,,,,,,,,,,,,,,,,,,,,
,,,,,,,,,,,,,,,,,,,,,,,,,,,,,,,
,,,,,,,,,,,,,,,,,,,,,,,,,,,,,,,
,,,,,,,,,,,,,,,,,,,,,,,,,,,,,,,
,,,,,,,,,,,,,,,,,,,,,,,,,,,,,,,
,,,,,,,,,,,,,,,,,,,,,,,,,,,,,,,
,,,,,,,,,,,,,,,,,,,,,,,,,,,,,,,
,,,,,,,,,,,,,,,,,,,,,,,,,,,,,,,
,,,,,,,,,,,,,,,,,,,,,,,,,,,,,,,
,,,,,,,,,,,,,,,,,,,,,,,,,,,,,,,
,,,,,,,,,,,,,,,,,,,,,,,,,,,,,,,
,,,,,,,,,,,,,,,,,,,,,,,,,,,,,,,
,,,,,,,,,,,,,,,,,,,,,,,,,,,,,,,
,,,,,,,,,,,,,,,,,,,,,,,,,,,,,,,
,,,,,,,,,,,,,,,,,,,,,,,,,,,,,,,
,,,,,,,,,,,,,,,,,,,,,,,,,,,,,,,
,,,,,,,,,,,,,,,,,,,,,,,,,,,,,,,
,,,,,,,,,,,,,,,,,,,,,,,,,,,,,,,
,,,,,,,,,,,,,,,,,,,,,,,,,,,,,,,
,,,,,,,,,,,,,,,,,,,,,,,,,,,,,,,
,,,,,,,,,,,,,,,,,,,,,,,,,,,,,,,
,,,,,,,,,,,,,,,,,,,,,,,,,,,,,,,
,,,,,,,,,,,,,,,,,,,,,,,,,,,,,,,
,,,,,,,,,,,,,,,,,,,,,,,,,,,,,,,
,,,,,,,,,,,,,,,,,,,,,,,,,,,,,,,
,,,,,,,,,,,,,,,,,,,,,,,,,,,,,,,
,,,,,,,,,,,,,,,,,,,,,,,,,,,,,,,
,,,,,,,,,,,,,,,,,,,,,,,,,,,,,,,
,,,,,,,,,,,,,,,,,,,,,,,,,,,,,,,
,,,,,,,,,,,,,,,,,,,,,,,,,,,,,,,
,,,,,,,,,,,,,,,,,,,,,,,,,,,,,,,
,,,,,,,,,,,,,,,,,,,,,,,,,,,,,,,
,,,,,,,,,,,,,,,,,,,,,,,,,,,,,,,
,,,,,,,,,,,,,,,,,,,,,,,,,,,,,,,
,,,,,,,,,,,,,,,,,,,,,,,,,,,,,,,
,,,,,,,,,,,,,,,,,,,,,,,,,,,,,,,
,,,,,,,,,,,,,,,,,,,,,,,,,,,,,,,
,,,,,,,,,,,,,,,,,,,,,,,,,,,,,,,
,,,,,,,,,,,,,,,,,,,,,,,,,,,,,,,
,,,,,,,,,,,,,,,,,,,,,,,,,,,,,,,
,,,,,,,,,,,,,,,,,,,,,,,,,,,,,,,
,,,,,,,,,,,,,,,,,,,,,,,,,,,,,,,
,,,,,,,,,,,,,,,,,,,,,,,,,,,,,,,
,,,,,,,,,,,,,,,,,,,,,,,,,,,,,,,
,,,,,,,,,,,,,,,,,,,,,,,,,,,,,,,
,,,,,,,,,,,,,,,,,,,,,,,,,,,,,,,
,,,,,,,,,,,,,,,,,,,,,,,,,,,,,,,
,,,,,,,,,,,,,,,,,,,,,,,,,,,,,,,
,,,,,,,,,,,,,,,,,,,,,,,,,,,,,,,
,,,,,,,,,,,,,,,,,,,,,,,,,,,,,,,
,,,,,,,,,,,,,,,,,,,,,,,,,,,,,,,
,,,,,,,,,,,,,,,,,,,,,,,,,,,,,,,
,,,,,,,,,,,,,,,,,,,,,,,,,,,,,,,
,,,,,,,,,,,,,,,,,,,,,,,,,,,,,,,
,,,,,,,,,,,,,,,,,,,,,,,,,,,,,,,
,,,,,,,,,,,,,,,,,,,,,,,,,,,,,,,
,,,,,,,,,,,,,,,,,,,,,,,,,,,,,,,
,,,,,,,,,,,,,,,,,,,,,,,,,,,,,,,
,,,,,,,,,,,,,,,,,,,,,,,,,,,,,,,
,,,,,,,,,,,,,,,,,,,,,,,,,,,,,,,
,,,,,,,,,,,,,,,,,,,,,,,,,,,,,,,
,,,,,,,,,,,,,,,,,,,,,,,,,,,,,,,
,,,,,,,,,,,,,,,,,,,,,,,,,,,,,,,
,,,,,,,,,,,,,,,,,,,,,,,,,,,,,,,
,,,,,,,,,,,,,,,,,,,,,,,,,,,,,,,
,,,,,,,,,,,,,,,,,,,,,,,,,,,,,,,
,,,,,,,,,,,,,,,,,,,,,,,,,,,,,,,
,,,,,,,,,,,,,,,,,,,,,,,,,,,,,,,
,,,,,,,,,,,,,,,,,,,,,,,,,,,,,,,
,,,,,,,,,,,,,,,,,,,,,,,,,,,,,,,
,,,,,,,,,,,,,,,,,,,,,,,,,,,,,,,
,,,,,,,,,,,,,,,,,,,,,,,,,,,,,,,
,,,,,,,,,,,,,,,,,,,,,,,,,,,,,,,
,,,,,,,,,,,,,,,,,,,,,,,,,,,,,,,
,,,,,,,,,,,,,,,,,,,,,,,,,,,,,,,
,,,,,,,,,,,,,,,,,,,,,,,,,,,,,,,
,,,,,,,,,,,,,,,,,,,,,,,,,,,,,,,
,,,,,,,,,,,,,,,,,,,,,,,,,,,,,,,
,,,,,,,,,,,,,,,,,,,,,,,,,,,,,,,
,,,,,,,,,,,,,,,,,,,,,,,,,,,,,,,
,,,,,,,,,,,,,,,,,,,,,,,,,,,,,,,
,,,,,,,,,,,,,,,,,,,,,,,,,,,,,,,
,,,,,,,,,,,,,,,,,,,,,,,,,,,,,,,
,,,,,,,,,,,,,,,,,,,,,,,,,,,,,,,
,,,,,,,,,,,,,,,,,,,,,,,,,,,,,,,
,,,,,,,,,,,,,,,,,,,,,,,,,,,,,,,
,,,,,,,,,,,,,,,,,,,,,,,,,,,,,,,
,,,,,,,,,,,,,,,,,,,,,,,,,,,,,,,
,,,,,,,,,,,,,,,,,,,,,,,,,,,,,,,
,,,,,,,,,,,,,,,,,,,,,,,,,,,,,,,
,,,,,,,,,,,,,,,,,,,,,,,,,,,,,,,
,,,,,,,,,,,,,,,,,,,,,,,,,,,,,,,
,,,,,,,,,,,,,,,,,,,,,,,,,,,,,,,
,,,,,,,,,,,,,,,,,,,,,,,,,,,,,,,
,,,,,,,,,,,,,,,,,,,,,,,,,,,,,,,
,,,,,,,,,,,,,,,,,,,,,,,,,,,,,,,
,,,,,,,,,,,,,,,,,,,,,,,,,,,,,,,
,,,,,,,,,,,,,,,,,,,,,,,,,,,,,,,
,,,,,,,,,,,,,,,,,,,,,,,,,,,,,,,
,,,,,,,,,,,,,,,,,,,,,,,,,,,,,,,
,,,,,,,,,,,,,,,,,,,,,,,,,,,,,,,
,,,,,,,,,,,,,,,,,,,,,,,,,,,,,,,
,,,,,,,,,,,,,,,,,,,,,,,,,,,,,,,
,,,,,,,,,,,,,,,,,,,,,,,,,,,,,,,
,,,,,,,,,,,,,,,,,,,,,,,,,,,,,,,
,,,,,,,,,,,,,,,,,,,,,,,,,,,,,,,
,,,,,,,,,,,,,,,,,,,,,,,,,,,,,,,
,,,,,,,,,,,,,,,,,,,,,,,,,,,,,,,
,,,,,,,,,,,,,,,,,,,,,,,,,,,,,,,
,,,,,,,,,,,,,,,,,,,,,,,,,,,,,,,
,,,,,,,,,,,,,,,,,,,,,,,,,,,,,,,
,,,,,,,,,,,,,,,,,,,,,,,,,,,,,,,
,,,,,,,,,,,,,,,,,,,,,,,,,,,,,,,
,,,,,,,,,,,,,,,,,,,,,,,,,,,,,,,
,,,,,,,,,,,,,,,,,,,,,,,,,,,,,,,
,,,,,,,,,,,,,,,,,,,,,,,,,,,,,,,
,,,,,,,,,,,,,,,,,,,,,,,,,,,,,,,
,,,,,,,,,,,,,,,,,,,,,,,,,,,,,,,
,,,,,,,,,,,,,,,,,,,,,,,,,,,,,,,
,,,,,,,,,,,,,,,,,,,,,,,,,,,,,,,
,,,,,,,,,,,,,,,,,,,,,,,,,,,,,,,
,,,,,,,,,,,,,,,,,,,,,,,,,,,,,,,
,,,,,,,,,,,,,,,,,,,,,,,,,,,,,,,
,,,,,,,,,,,,,,,,,,,,,,,,,,,,,,,
,,,,,,,,,,,,,,,,,,,,,,,,,,,,,,,
,,,,,,,,,,,,,,,,,,,,,,,,,,,,,,,
,,,,,,,,,,,,,,,,,,,,,,,,,,,,,,,
,,,,,,,,,,,,,,,,,,,,,,,,,,,,,,,
,,,,,,,,,,,,,,,,,,,,,,,,,,,,,,,
,,,,,,,,,,,,,,,,,,,,,,,,,,,,,,,
,,,,,,,,,,,,,,,,,,,,,,,,,,,,,,,
,,,,,,,,,,,,,,,,,,,,,,,,,,,,,,,
,,,,,,,,,,,,,,,,,,,,,,,,,,,,,,,
,,,,,,,,,,,,,,,,,,,,,,,,,,,,,,,
,,,,,,,,,,,,,,,,,,,,,,,,,,,,,,,
,,,,,,,,,,,,,,,,,,,,,,,,,,,,,,,
,,,,,,,,,,,,,,,,,,,,,,,,,,,,,,,
,,,,,,,,,,,,,,,,,,,,,,,,,,,,,,,
,,,,,,,,,,,,,,,,,,,,,,,,,,,,,,,
,,,,,,,,,,,,,,,,,,,,,,,,,,,,,,,
,,,,,,,,,,,,,,,,,,,,,,,,,,,,,,,
,,,,,,,,,,,,,,,,,,,,,,,,,,,,,,,
,,,,,,,,,,,,,,,,,,,,,,,,,,,,,,,
,,,,,,,,,,,,,,,,,,,,,,,,,,,,,,,
,,,,,,,,,,,,,,,,,,,,,,,,,,,,,,,
,,,,,,,,,,,,,,,,,,,,,,,,,,,,,,,
,,,,,,,,,,,,,,,,,,,,,,,,,,,,,,,
,,,,,,,,,,,,,,,,,,,,,,,,,,,,,,,
,,,,,,,,,,,,,,,,,,,,,,,,,,,,,,,
,,,,,,,,,,,,,,,,,,,,,,,,,,,,,,,
,,,,,,,,,,,,,,,,,,,,,,,,,,,,,,,
,,,,,,,,,,,,,,,,,,,,,,,,,,,,,,,
,,,,,,,,,,,,,,,,,,,,,,,,,,,,,,,
,,,,,,,,,,,,,,,,,,,,,,,,,,,,,,,
,,,,,,,,,,,,,,,,,,,,,,,,,,,,,,,
,,,,,,,,,,,,,,,,,,,,,,,,,,,,,,,
,,,,,,,,,,,,,,,,,,,,,,,,,,,,,,,
,,,,,,,,,,,,,,,,,,,,,,,,,,,,,,,
,,,,,,,,,,,,,,,,,,,,,,,,,,,,,,,
,,,,,,,,,,,,,,,,,,,,,,,,,,,,,,,
,,,,,,,,,,,,,,,,,,,,,,,,,,,,,,,
,,,,,,,,,,,,,,,,,,,,,,,,,,,,,,,
,,,,,,,,,,,,,,,,,,,,,,,,,,,,,,,
,,,,,,,,,,,,,,,,,,,,,,,,,,,,,,,
,,,,,,,,,,,,,,,,,,,,,,,,,,,,,,,
,,,,,,,,,,,,,,,,,,,,,,,,,,,,,,,
,,,,,,,,,,,,,,,,,,,,,,,,,,,,,,,
,,,,,,,,,,,,,,,,,,,,,,,,,,,,,,,
,,,,,,,,,,,,,,,,,,,,,,,,,,,,,,,
,,,,,,,,,,,,,,,,,,,,,,,,,,,,,,,
,,,,,,,,,,,,,,,,,,,,,,,,,,,,,,,
,,,,,,,,,,,,,,,,,,,,,,,,,,,,,,,
,,,,,,,,,,,,,,,,,,,,,,,,,,,,,,,
,,,,,,,,,,,,,,,,,,,,,,,,,,,,,,,
,,,,,,,,,,,,,,,,,,,,,,,,,,,,,,,
,,,,,,,,,,,,,,,,,,,,,,,,,,,,,,,
,,,,,,,,,,,,,,,,,,,,,,,,,,,,,,,
,,,,,,,,,,,,,,,,,,,,,,,,,,,,,,,
,,,,,,,,,,,,,,,,,,,,,,,,,,,,,,,
,,,,,,,,,,,,,,,,,,,,,,,,,,,,,,,
,,,,,,,,,,,,,,,,,,,,,,,,,,,,,,,
,,,,,,,,,,,,,,,,,,,,,,,,,,,,,,,
,,,,,,,,,,,,,,,,,,,,,,,,,,,,,,,
,,,,,,,,,,,,,,,,,,,,,,,,,,,,,,,
,,,,,,,,,,,,,,,,,,,,,,,,,,,,,,,
,,,,,,,,,,,,,,,,,,,,,,,,,,,,,,,
,,,,,,,,,,,,,,,,,,,,,,,,,,,,,,,
,,,,,,,,,,,,,,,,,,,,,,,,,,,,,,,
,,,,,,,,,,,,,,,,,,,,,,,,,,,,,,,
,,,,,,,,,,,,,,,,,,,,,,,,,,,,,,,
,,,,,,,,,,,,,,,,,,,,,,,,,,,,,,,
,,,,,,,,,,,,,,,,,,,,,,,,,,,,,,,
,,,,,,,,,,,,,,,,,,,,,,,,,,,,,,,
,,,,,,,,,,,,,,,,,,,,,,,,,,,,,,,
,,,,,,,,,,,,,,,,,,,,,,,,,,,,,,,
,,,,,,,,,,,,,,,,,,,,,,,,,,,,,,,
,,,,,,,,,,,,,,,,,,,,,,,,,,,,,,,
,,,,,,,,,,,,,,,,,,,,,,,,,,,,,,,
,,,,,,,,,,,,,,,,,,,,,,,,,,,,,,,
,,,,,,,,,,,,,,,,,,,,,,,,,,,,,,,
,,,,,,,,,,,,,,,,,,,,,,,,,,,,,,,
,,,,,,,,,,,,,,,,,,,,,,,,,,,,,,,
,,,,,,,,,,,,,,,,,,,,,,,,,,,,,,,
,,,,,,,,,,,,,,,,,,,,,,,,,,,,,,,
,,,,,,,,,,,,,,,,,,,,,,,,,,,,,,,
,,,,,,,,,,,,,,,,,,,,,,,,,,,,,,,
,,,,,,,,,,,,,,,,,,,,,,,,,,,,,,,
,,,,,,,,,,,,,,,,,,,,,,,,,,,,,,,
,,,,,,,,,,,,,,,,,,,,,,,,,,,,,,,
,,,,,,,,,,,,,,,,,,,,,,,,,,,,,,,
,,,,,,,,,,,,,,,,,,,,,,,,,,,,,,,
,,,,,,,,,,,,,,,,,,,,,,,,,,,,,,,
,,,,,,,,,,,,,,,,,,,,,,,,,,,,,,,
,,,,,,,,,,,,,,,,,,,,,,,,,,,,,,,
,,,,,,,,,,,,,,,,,,,,,,,,,,,,,,,
,,,,,,,,,,,,,,,,,,,,,,,,,,,,,,,
,,,,,,,,,,,,,,,,,,,,,,,,,,,,,,,
,,,,,,,,,,,,,,,,,,,,,,,,,,,,,,,
,,,,,,,,,,,,,,,,,,,,,,,,,,,,,,,
,,,,,,,,,,,,,,,,,,,,,,,,,,,,,,,
,,,,,,,,,,,,,,,,,,,,,,,,,,,,,,,
,,,,,,,,,,,,,,,,,,,,,,,,,,,,,,,
,,,,,,,,,,,,,,,,,,,,,,,,,,,,,,,
,,,,,,,,,,,,,,,,,,,,,,,,,,,,,,,
,,,,,,,,,,,,,,,,,,,,,,,,,,,,,,,
,,,,,,,,,,,,,,,,,,,,,,,,,,,,,,,
,,,,,,,,,,,,,,,,,,,,,,,,,,,,,,,
,,,,,,,,,,,,,,,,,,,,,,,,,,,,,,,
,,,,,,,,,,,,,,,,,,,,,,,,,,,,,,,
,,,,,,,,,,,,,,,,,,,,,,,,,,,,,,,
,,,,,,,,,,,,,,,,,,,,,,,,,,,,,,,
,,,,,,,,,,,,,,,,,,,,,,,,,,,,,,,
,,,,,,,,,,,,,,,,,,,,,,,,,,,,,,,
,,,,,,,,,,,,,,,,,,,,,,,,,,,,,,,
,,,,,,,,,,,,,,,,,,,,,,,,,,,,,,,
,,,,,,,,,,,,,,,,,,,,,,,,,,,,,,,
,,,,,,,,,,,,,,,,,,,,,,,,,,,,,,,
,,,,,,,,,,,,,,,,,,,,,,,,,,,,,,,
,,,,,,,,,,,,,,,,,,,,,,,,,,,,,,,
,,,,,,,,,,,,,,,,,,,,,,,,,,,,,,,
,,,,,,,,,,,,,,,,,,,,,,,,,,,,,,,
,,,,,,,,,,,,,,,,,,,,,,,,,,,,,,,
,,,,,,,,,,,,,,,,,,,,,,,,,,,,,,,
,,,,,,,,,,,,,,,,,,,,,,,,,,,,,,,
,,,,,,,,,,,,,,,,,,,,,,,,,,,,,,,
,,,,,,,,,,,,,,,,,,,,,,,,,,,,,,,
,,,,,,,,,,,,,,,,,,,,,,,,,,,,,,,
,,,,,,,,,,,,,,,,,,,,,,,,,,,,,,,
,,,,,,,,,,,,,,,,,,,,,,,,,,,,,,,
,,,,,,,,,,,,,,,,,,,,,,,,,,,,,,,
,,,,,,,,,,,,,,,,,,,,,,,,,,,,,,,
,,,,,,,,,,,,,,,,,,,,,,,,,,,,,,,
,,,,,,,,,,,,,,,,,,,,,,,,,,,,,,,
,,,,,,,,,,,,,,,,,,,,,,,,,,,,,,,
,,,,,,,,,,,,,,,,,,,,,,,,,,,,,,,
,,,,,,,,,,,,,,,,,,,,,,,,,,,,,,,
,,,,,,,,,,,,,,,,,,,,,,,,,,,,,,,
,,,,,,,,,,,,,,,,,,,,,,,,,,,,,,,
,,,,,,,,,,,,,,,,,,,,,,,,,,,,,,,
,,,,,,,,,,,,,,,,,,,,,,,,,,,,,,,
,,,,,,,,,,,,,,,,,,,,,,,,,,,,,,,
,,,,,,,,,,,,,,,,,,,,,,,,,,,,,,,
,,,,,,,,,,,,,,,,,,,,,,,,,,,,,,,
,,,,,,,,,,,,,,,,,,,,,,,,,,,,,,,
,,,,,,,,,,,,,,,,,,,,,,,,,,,,,,,
,,,,,,,,,,,,,,,,,,,,,,,,,,,,,,,
,,,,,,,,,,,,,,,,,,,,,,,,,,,,,,,
,,,,,,,,,,,,,,,,,,,,,,,,,,,,,,,
,,,,,,,,,,,,,,,,,,,,,,,,,,,,,,,
,,,,,,,,,,,,,,,,,,,,,,,,,,,,,,,
,,,,,,,,,,,,,,,,,,,,,,,,,,,,,,,
,,,,,,,,,,,,,,,,,,,,,,,,,,,,,,,
,,,,,,,,,,,,,,,,,,,,,,,,,,,,,,,
,,,,,,,,,,,,,,,,,,,,,,,,,,,,,,,
,,,,,,,,,,,,,,,,,,,,,,,,,,,,,,,
,,,,,,,,,,,,,,,,,,,,,,,,,,,,,,,
,,,,,,,,,,,,,,,,,,,,,,,,,,,,,,,
,,,,,,,,,,,,,,,,,,,,,,,,,,,,,,,
,,,,,,,,,,,,,,,,,,,,,,,,,,,,,,,
,,,,,,,,,,,,,,,,,,,,,,,,,,,,,,,
,,,,,,,,,,,,,,,,,,,,,,,,,,,,,,,
,,,,,,,,,,,,,,,,,,,,,,,,,,,,,,,
,,,,,,,,,,,,,,,,,,,,,,,,,,,,,,,
,,,,,,,,,,,,,,,,,,,,,,,,,,,,,,,
,,,,,,,,,,,,,,,,,,,,,,,,,,,,,,,
,,,,,,,,,,,,,,,,,,,,,,,,,,,,,,,
,,,,,,,,,,,,,,,,,,,,,,,,,,,,,,,
,,,,,,,,,,,,,,,,,,,,,,,,,,,,,,,
,,,,,,,,,,,,,,,,,,,,,,,,,,,,,,,
,,,,,,,,,,,,,,,,,,,,,,,,,,,,,,,
,,,,,,,,,,,,,,,,,,,,,,,,,,,,,,,
,,,,,,,,,,,,,,,,,,,,,,,,,,,,,,,
,,,,,,,,,,,,,,,,,,,,,,,,,,,,,,,
,,,,,,,,,,,,,,,,,,,,,,,,,,,,,,,
,,,,,,,,,,,,,,,,,,,,,,,,,,,,,,,
,,,,,,,,,,,,,,,,,,,,,,,,,,,,,,,
,,,,,,,,,,,,,,,,,,,,,,,,,,,,,,,
,,,,,,,,,,,,,,,,,,,,,,,,,,,,,,,
,,,,,,,,,,,,,,,,,,,,,,,,,,,,,,,
,,,,,,,,,,,,,,,,,,,,,,,,,,,,,,,
,,,,,,,,,,,,,,,,,,,,,,,,,,,,,,,
,,,,,,,,,,,,,,,,,,,,,,,,,,,,,,,
,,,,,,,,,,,,,,,,,,,,,,,,,,,,,,,
,,,,,,,,,,,,,,,,,,,,,,,,,,,,,,,
,,,,,,,,,,,,,,,,,,,,,,,,,,,,,,,
,,,,,,,,,,,,,,,,,,,,,,,,,,,,,,,
,,,,,,,,,,,,,,,,,,,,,,,,,,,,,,,
,,,,,,,,,,,,,,,,,,,,,,,,,,,,,,,
,,,,,,,,,,,,,,,,,,,,,,,,,,,,,,,
,,,,,,,,,,,,,,,,,,,,,,,,,,,,,,,
,,,,,,,,,,,,,,,,,,,,,,,,,,,,,,,
,,,,,,,,,,,,,,,,,,,,,,,,,,,,,,,
,,,,,,,,,,,,,,,,,,,,,,,,,,,,,,,
,,,,,,,,,,,,,,,,,,,,,,,,,,,,,,,
,,,,,,,,,,,,,,,,,,,,,,,,,,,,,,,
,,,,,,,,,,,,,,,,,,,,,,,,,,,,,,,
,,,,,,,,,,,,,,,,,,,,,,,,,,,,,,,
,,,,,,,,,,,,,,,,,,,,,,,,,,,,,,,
,,,,,,,,,,,,,,,,,,,,,,,,,,,,,,,
,,,,,,,,,,,,,,,,,,,,,,,,,,,,,,,
,,,,,,,,,,,,,,,,,,,,,,,,,,,,,,,
,,,,,,,,,,,,,,,,,,,,,,,,,,,,,,,
,,,,,,,,,,,,,,,,,,,,,,,,,,,,,,,
,,,,,,,,,,,,,,,,,,,,,,,,,,,,,,,
,,,,,,,,,,,,,,,,,,,,,,,,,,,,,,,
,,,,,,,,,,,,,,,,,,,,,,,,,,,,,,,
,,,,,,,,,,,,,,,,,,,,,,,,,,,,,,,
,,,,,,,,,,,,,,,,,,,,,,,,,,,,,,,
,,,,,,,,,,,,,,,,,,,,,,,,,,,,,,,
,,,,,,,,,,,,,,,,,,,,,,,,,,,,,,,
,,,,,,,,,,,,,,,,,,,,,,,,,,,,,,,
,,,,,,,,,,,,,,,,,,,,,,,,,,,,,,,
,,,,,,,,,,,,,,,,,,,,,,,,,,,,,,,
,,,,,,,,,,,,,,,,,,,,,,,,,,,,,,,
,,,,,,,,,,,,,,,,,,,,,,,,,,,,,,,
,,,,,,,,,,,,,,,,,,,,,,,,,,,,,,,
,,,,,,,,,,,,,,,,,,,,,,,,,,,,,,,
,,,,,,,,,,,,,,,,,,,,,,,,,,,,,,,
,,,,,,,,,,,,,,,,,,,,,,,,,,,,,,,
,,,,,,,,,,,,,,,,,,,,,,,,,,,,,,,
,,,,,,,,,,,,,,,,,,,,,,,,,,,,,,,
,,,,,,,,,,,,,,,,,,,,,,,,,,,,,,,
,,,,,,,,,,,,,,,,,,,,,,,,,,,,,,,
,,,,,,,,,,,,,,,,,,,,,,,,,,,,,,,
,,,,,,,,,,,,,,,,,,,,,,,,,,,,,,,
,,,,,,,,,,,,,,,,,,,,,,,,,,,,,,,
,,,,,,,,,,,,,,,,,,,,,,,,,,,,,,,
,,,,,,,,,,,,,,,,,,,,,,,,,,,,,,,
,,,,,,,,,,,,,,,,,,,,,,,,,,,,,,,
,,,,,,,,,,,,,,,,,,,,,,,,,,,,,,,
,,,,,,,,,,,,,,,,,,,,,,,,,,,,,,,
,,,,,,,,,,,,,,,,,,,,,,,,,,,,,,,
,,,,,,,,,,,,,,,,,,,,,,,,,,,,,,,
,,,,,,,,,,,,,,,,,,,,,,,,,,,,,,,
,,,,,,,,,,,,,,,,,,,,,,,,,,,,,,,
,,,,,,,,,,,,,,,,,,,,,,,,,,,,,,,
,,,,,,,,,,,,,,,,,,,,,,,,,,,,,,,
,,,,,,,,,,,,,,,,,,,,,,,,,,,,,,,
,,,,,,,,,,,,,,,,,,,,,,,,,,,,,,,
,,,,,,,,,,,,,,,,,,,,,,,,,,,,,,,
,,,,,,,,,,,,,,,,,,,,,,,,,,,,,,,
,,,,,,,,,,,,,,,,,,,,,,,,,,,,,,,
,,,,,,,,,,,,,,,,,,,,,,,,,,,,,,,
,,,,,,,,,,,,,,,,,,,,,,,,,,,,,,,
,,,,,,,,,,,,,,,,,,,,,,,,,,,,,,,
,,,,,,,,,,,,,,,,,,,,,,,,,,,,,,,
,,,,,,,,,,,,,,,,,,,,,,,,,,,,,,,
,,,,,,,,,,,,,,,,,,,,,,,,,,,,,,,
,,,,,,,,,,,,,,,,,,,,,,,,,,,,,,,
,,,,,,,,,,,,,,,,,,,,,,,,,,,,,,,
,,,,,,,,,,,,,,,,,,,,,,,,,,,,,,,
,,,,,,,,,,,,,,,,,,,,,,,,,,,,,,,
,,,,,,,,,,,,,,,,,,,,,,,,,,,,,,,
,,,,,,,,,,,,,,,,,,,,,,,,,,,,,,,
,,,,,,,,,,,,,,,,,,,,,,,,,,,,,,,
,,,,,,,,,,,,,,,,,,,,,,,,,,,,,,,
,,,,,,,,,,,,,,,,,,,,,,,,,,,,,,,
,,,,,,,,,,,,,,,,,,,,,,,,,,,,,,,
,,,,,,,,,,,,,,,,,,,,,,,,,,,,,,,
,,,,,,,,,,,,,,,,,,,,,,,,,,,,,,,
,,,,,,,,,,,,,,,,,,,,,,,,,,,,,,,
,,,,,,,,,,,,,,,,,,,,,,,,,,,,,,,
,,,,,,,,,,,,,,,,,,,,,,,,,,,,,,,
,,,,,,,,,,,,,,,,,,,,,,,,,,,,,,,
,,,,,,,,,,,,,,,,,,,,,,,,,,,,,,,
,,,,,,,,,,,,,,,,,,,,,,,,,,,,,,,
,,,,,,,,,,,,,,,,,,,,,,,,,,,,,,,
,,,,,,,,,,,,,,,,,,,,,,,,,,,,,,,
,,,,,,,,,,,,,,,,,,,,,,,,,,,,,,,
,,,,,,,,,,,,,,,,,,,,,,,,,,,,,,,
,,,,,,,,,,,,,,,,,,,,,,,,,,,,,,,
,,,,,,,,,,,,,,,,,,,,,,,,,,,,,,,
,,,,,,,,,,,,,,,,,,,,,,,,,,,,,,,
,,,,,,,,,,,,,,,,,,,,,,,,,,,,,,,
,,,,,,,,,,,,,,,,,,,,,,,,,,,,,,,
,,,,,,,,,,,,,,,,,,,,,,,,,,,,,,,
,,,,,,,,,,,,,,,,,,,,,,,,,,,,,,,
,,,,,,,,,,,,,,,,,,,,,,,,,,,,,,,
,,,,,,,,,,,,,,,,,,,,,,,,,,,,,,,
,,,,,,,,,,,,,,,,,,,,,,,,,,,,,,,
,,,,,,,,,,,,,,,,,,,,,,,,,,,,,,,
,,,,,,,,,,,,,,,,,,,,,,,,,,,,,,,
,,,,,,,,,,,,,,,,,,,,,,,,,,,,,,,
,,,,,,,,,,,,,,,,,,,,,,,,,,,,,,,
,,,,,,,,,,,,,,,,,,,,,,,,,,,,,,,
,,,,,,,,,,,,,,,,,,,,,,,,,,,,,,,
,,,,,,,,,,,,,,,,,,,,,,,,,,,,,,,
,,,,,,,,,,,,,,,,,,,,,,,,,,,,,,,
,,,,,,,,,,,,,,,,,,,,,,,,,,,,,,,
,,,,,,,,,,,,,,,,,,,,,,,,,,,,,,,
,,,,,,,,,,,,,,,,,,,,,,,,,,,,,,,
,,,,,,,,,,,,,,,,,,,,,,,,,,,,,,,
,,,,,,,,,,,,,,,,,,,,,,,,,,,,,,,
,,,,,,,,,,,,,,,,,,,,,,,,,,,,,,,
,,,,,,,,,,,,,,,,,,,,,,,,,,,,,,,
,,,,,,,,,,,,,,,,,,,,,,,,,,,,,,,
,,,,,,,,,,,,,,,,,,,,,,,,,,,,,,,
,,,,,,,,,,,,,,,,,,,,,,,,,,,,,,,
,,,,,,,,,,,,,,,,,,,,,,,,,,,,,,,
,,,,,,,,,,,,,,,,,,,,,,,,,,,,,,,
,,,,,,,,,,,,,,,,,,,,,,,,,,,,,,,
,,,,,,,,,,,,,,,,,,,,,,,,,,,,,,,
,,,,,,,,,,,,,,,,,,,,,,,,,,,,,,,
,,,,,,,,,,,,,,,,,,,,,,,,,,,,,,,
,,,,,,,,,,,,,,,,,,,,,,,,,,,,,,,
,,,,,,,,,,,,,,,,,,,,,,,,,,,,,,,
,,,,,,,,,,,,,,,,,,,,,,,,,,,,,,,
,,,,,,,,,,,,,,,,,,,,,,,,,,,,,,,
,,,,,,,,,,,,,,,,,,,,,,,,,,,,,,,
,,,,,,,,,,,,,,,,,,,,,,,,,,,,,,,
,,,,,,,,,,,,,,,,,,,,,,,,,,,,,,,
,,,,,,,,,,,,,,,,,,,,,,,,,,,,,,,
,,,,,,,,,,,,,,,,,,,,,,,,,,,,,,,
,,,,,,,,,,,,,,,,,,,,,,,,,,,,,,,
,,,,,,,,,,,,,,,,,,,,,,,,,,,,,,,
,,,,,,,,,,,,,,,,,,,,,,,,,,,,,,,
,,,,,,,,,,,,,,,,,,,,,,,,,,,,,,,
,,,,,,,,,,,,,,,,,,,,,,,,,,,,,,,
,,,,,,,,,,,,,,,,,,,,,,,,,,,,,,,
,,,,,,,,,,,,,,,,,,,,,,,,,,,,,,,
,,,,,,,,,,,,,,,,,,,,,,,,,,,,,,,
,,,,,,,,,,,,,,,,,,,,,,,,,,,,,,,
,,,,,,,,,,,,,,,,,,,,,,,,,,,,,,,
,,,,,,,,,,,,,,,,,,,,,,,,,,,,,,,
,,,,,,,,,,,,,,,,,,,,,,,,,,,,,,,
,,,,,,,,,,,,,,,,,,,,,,,,,,,,,,,
,,,,,,,,,,,,,,,,,,,,,,,,,,,,,,,
,,,,,,,,,,,,,,,,,,,,,,,,,,,,,,,
,,,,,,,,,,,,,,,,,,,,,,,,,,,,,,,
,,,,,,,,,,,,,,,,,,,,,,,,,,,,,,,
,,,,,,,,,,,,,,,,,,,,,,,,,,,,,,,
,,,,,,,,,,,,,,,,,,,,,,,,,,,,,,,
,,,,,,,,,,,,,,,,,,,,,,,,,,,,,,,
,,,,,,,,,,,,,,,,,,,,,,,,,,,,,,,
,,,,,,,,,,,,,,,,,,,,,,,,,,,,,,,
,,,,,,,,,,,,,,,,,,,,,,,,,,,,,,,
,,,,,,,,,,,,,,,,,,,,,,,,,,,,,,,
,,,,,,,,,,,,,,,,,,,,,,,,,,,,,,,
,,,,,,,,,,,,,,,,,,,,,,,,,,,,,,,
,,,,,,,,,,,,,,,,,,,,,,,,,,,,,,,
,,,,,,,,,,,,,,,,,,,,,,,,,,,,,,,
,,,,,,,,,,,,,,,,,,,,,,,,,,,,,,,
,,,,,,,,,,,,,,,,,,,,,,,,,,,,,,,
,,,,,,,,,,,,,,,,,,,,,,,,,,,,,,,
,,,,,,,,,,,,,,,,,,,,,,,,,,,,,,,
,,,,,,,,,,,,,,,,,,,,,,,,,,,,,,,
,,,,,,,,,,,,,,,,,,,,,,,,,,,,,,,
,,,,,,,,,,,,,,,,,,,,,,,,,,,,,,,
,,,,,,,,,,,,,,,,,,,,,,,,,,,,,,,
,,,,,,,,,,,,,,,,,,,,,,,,,,,,,,,
,,,,,,,,,,,,,,,,,,,,,,,,,,,,,,,
,,,,,,,,,,,,,,,,,,,,,,,,,,,,,,,
,,,,,,,,,,,,,,,,,,,,,,,,,,,,,,,
,,,,,,,,,,,,,,,,,,,,,,,,,,,,,,,
,,,,,,,,,,,,,,,,,,,,,,,,,,,,,,,
,,,,,,,,,,,,,,,,,,,,,,,,,,,,,,,
,,,,,,,,,,,,,,,,,,,,,,,,,,,,,,,
,,,,,,,,,,,,,,,,,,,,,,,,,,,,,,,
,,,,,,,,,,,,,,,,,,,,,,,,,,,,,,,
,,,,,,,,,,,,,,,,,,,,,,,,,,,,,,,
,,,,,,,,,,,,,,,,,,,,,,,,,,,,,,,
,,,,,,,,,,,,,,,,,,,,,,,,,,,,,,,
,,,,,,,,,,,,,,,,,,,,,,,,,,,,,,,
,,,,,,,,,,,,,,,,,,,,,,,,,,,,,,,
,,,,,,,,,,,,,,,,,,,,,,,,,,,,,,,
,,,,,,,,,,,,,,,,,,,,,,,,,,,,,,,
,,,,,,,,,,,,,,,,,,,,,,,,,,,,,,,
,,,,,,,,,,,,,,,,,,,,,,,,,,,,,,,
,,,,,,,,,,,,,,,,,,,,,,,,,,,,,,,
,,,,,,,,,,,,,,,,,,,,,,,,,,,,,,,
,,,,,,,,,,,,,,,,,,,,,,,,,,,,,,,
,,,,,,,,,,,,,,,,,,,,,,,,,,,,,,,
,,,,,,,,,,,,,,,,,,,,,,,,,,,,,,,
,,,,,,,,,,,,,,,,,,,,,,,,,,,,,,,
,,,,,,,,,,,,,,,,,,,,,,,,,,,,,,,
,,,,,,,,,,,,,,,,,,,,,,,,,,,,,,,
,,,,,,,,,,,,,,,,,,,,,,,,,,,,,,,
,,,,,,,,,,,,,,,,,,,,,,,,,,,,,,,
,,,,,,,,,,,,,,,,,,,,,,,,,,,,,,,
,,,,,,,,,,,,,,,,,,,,,,,,,,,,,,,
,,,,,,,,,,,,,,,,,,,,,,,,,,,,,,,
,,,,,,,,,,,,,,,,,,,,,,,,,,,,,,,
,,,,,,,,,,,,,,,,,,,,,,,,,,,,,,,
,,,,,,,,,,,,,,,,,,,,,,,,,,,,,,,
,,,,,,,,,,,,,,,,,,,,,,,,,,,,,,,
,,,,,,,,,,,,,,,,,,,,,,,,,,,,,,,
,,,,,,,,,,,,,,,,,,,,,,,,,,,,,,,
,,,,,,,,,,,,,,,,,,,,,,,,,,,,,,,
,,,,,,,,,,,,,,,,,,,,,,,,,,,,,,,
,,,,,,,,,,,,,,,,,,,,,,,,,,,,,,,
,,,,,,,,,,,,,,,,,,,,,,,,,,,,,,,
,,,,,,,,,,,,,,,,,,,,,,,,,,,,,,,
,,,,,,,,,,,,,,,,,,,,,,,,,,,,,,,
,,,,,,,,,,,,,,,,,,,,,,,,,,,,,,,
,,,,,,,,,,,,,,,,,,,,,,,,,,,,,,,
,,,,,,,,,,,,,,,,,,,,,,,,,,,,,,,
,,,,,,,,,,,,,,,,,,,,,,,,,,,,,,,
,,,,,,,,,,,,,,,,,,,,,,,,,,,,,,,
,,,,,,,,,,,,,,,,,,,,,,,,,,,,,,,
,,,,,,,,,,,,,,,,,,,,,,,,,,,,,,,
,,,,,,,,,,,,,,,,,,,,,,,,,,,,,,,
,,,,,,,,,,,,,,,,,,,,,,,,,,,,,,,
,,,,,,,,,,,,,,,,,,,,,,,,,,,,,,,
,,,,,,,,,,,,,,,,,,,,,,,,,,,,,,,
,,,,,,,,,,,,,,,,,,,,,,,,,,,,,,,
,,,,,,,,,,,,,,,,,,,,,,,,,,,,,,,
,,,,,,,,,,,,,,,,,,,,,,,,,,,,,,,
,,,,,,,,,,,,,,,,,,,,,,,,,,,,,,,
,,,,,,,,,,,,,,,,,,,,,,,,,,,,,,,
,,,,,,,,,,,,,,,,,,,,,,,,,,,,,,,
,,,,,,,,,,,,,,,,,,,,,,,,,,,,,,,
,,,,,,,,,,,,,,,,,,,,,,,,,,,,,,,
,,,,,,,,,,,,,,,,,,,,,,,,,,,,,,,
,,,,,,,,,,,,,,,,,,,,,,,,,,,,,,,
,,,,,,,,,,,,,,,,,,,,,,,,,,,,,,,
,,,,,,,,,,,,,,,,,,,,,,,,,,,,,,,
,,,,,,,,,,,,,,,,,,,,,,,,,,,,,,,
,,,,,,,,,,,,,,,,,,,,,,,,,,,,,,,
,,,,,,,,,,,,,,,,,,,,,,,,,,,,,,,
,,,,,,,,,,,,,,,,,,,,,,,,,,,,,,,
,,,,,,,,,,,,,,,,,,,,,,,,,,,,,,,
,,,,,,,,,,,,,,,,,,,,,,,,,,,,,,,
,,,,,,,,,,,,,,,,,,,,,,,,,,,,,,,
,,,,,,,,,,,,,,,,,,,,,,,,,,,,,,,
,,,,,,,,,,,,,,,,,,,,,,,,,,,,,,,
,,,,,,,,,,,,,,,,,,,,,,,,,,,,,,,
,,,,,,,,,,,,,,,,,,,,,,,,,,,,,,,
,,,,,,,,,,,,,,,,,,,,,,,,,,,,,,,
,,,,,,,,,,,,,,,,,,,,,,,,,,,,,,,
,,,,,,,,,,,,,,,,,,,,,,,,,,,,,,,
,,,,,,,,,,,,,,,,,,,,,,,,,,,,,,,
,,,,,,,,,,,,,,,,,,,,,,,,,,,,,,,
,,,,,,,,,,,,,,,,,,,,,,,,,,,,,,,
,,,,,,,,,,,,,,,,,,,,,,,,,,,,,,,
,,,,,,,,,,,,,,,,,,,,,,,,,,,,,,,
,,,,,,,,,,,,,,,,,,,,,,,,,,,,,,,
,,,,,,,,,,,,,,,,,,,,,,,,,,,,,,,
,,,,,,,,,,,,,,,,,,,,,,,,,,,,,,,
,,,,,,,,,,,,,,,,,,,,,,,,,,,,,,,
,,,,,male,,,,,,,,,,,,,,,,,,,,,,,,,,
,,,,,male,,,,,,,,,,,,,,,,,,,,,,,,,,
,,,,,female,,,,,,,,,,,,,,,,,,,,,,,,,,
,,,,,male,,,,,,,,,,,,,,,,,,,,,,,,,,
,,,,,male,,,,,,,,,,,,,,,,,,,,,,,,,,
,,,,,male,,,,,,,,,,,,,,,,,,,,,,,,,,
,,,,,male,,,,,,,,,,,,,,,,,,,,,,,,,,
,,,,,male,,,,,,,,,,,,,,,,,,,,,,,,,,
,,,,,male,,,,,,,,,,,,,,,,,,,,,,,,,,
,,,,,female,,,,,,,,,,,,,,,,,,,,,,,,,,
,,,,,male,,,,,,,,,,,,,,,,,,,,,,,,,,
,,,,,male,,,,,,,,,,,,,,,,,,,,,,,,,,
,,,,,male,,,,,,,,,,,,,,,,,,,,,,,,,,
,,,,,male,,,,,,,,,,,,,,,,,,,,,,,,,,
,,,,,male,,,,,,,,,,,,,,,,,,,,,,,,,,
,,,,,male,,,,,,,,,,,,,,,,,,,,,,,,,,
,,,,,female,,,,,,,,,,,,,,,,,,,,,,,,,,
,,,,,male,,,,,,,,,,,,,,,,,,,,,,,,,,
,,,,,male,,,,,,,,,,,,,,,,,,,,,,,,,,
,,,,,female,,,,,,,,,,,,,,,,,,,,,,,,,,
,,,,,female,,,,,,,,,,,,,,,,,,,,,,,,,,
,,,,,female,,,,,,,,,,,,,,,,,,,,,,,,,,
,,,,,female,,,,,,,,,,,,,,,,,,,,,,,,,,
,,,,,female,,,,,,,,,,,,,,,,,,,,,,,,,,
,,,,,male,,,,,,,,,,,,,,,,,,,,,,,,,,
,,,,,female,,,,,,,,,,,,,,,,,,,,,,,,,,
,,,,,female,,,,,,,,,,,,,,,,,,,,,,,,,,
,,,,,male,,,,,,,,,,,,,,,,,,,,,,,,,,
,,,,,male,,,,,,,,,,,,,,,,,,,,,,,,,,
,,,,,male,,,,,,,,,,,,,,,,,,,,,,,,,,
,,,,,female,,,,,,,,,,,,,,,,,,,,,,,,,,
,,,,,male,,,,,,,,,,,,,,,,,,,,,,,,,,
,,,,,female,,,,,,,,,,,,,,,,,,,,,,,,,,
,,,,,female,,,,,,,,,,,,,,,,,,,,,,,,,,
,,,,,male,,,,,,,,,,,,,,,,,,,,,,,,,,
,,,,,female,,,,,,,,,,,,,,,,,,,,,,,,,,
,,,,,male,,,,,,,,,,,,,,,,,,,,,,,,,,
,,,,,male,,,,,,,,,,,,,,,,,,,,,,,,,,
,,,,,female,,,,,,,,,,,,,,,,,,,,,,,,,,
,,,,,male,,,,,,,,,,,,,,,,,,,,,,,,,,
,,,,,male,,,,,,,,,,,,,,,,,,,,,,,,,,
,,,,,male,,,,,,,,,,,,,,,,,,,,,,,,,,
,,,,,female,,,,,,,,,,,,,,,,,,,,,,,,,,
,,,,,female,,,,,,,,,,,,,,,,,,,,,,,,,,
,,,,,male,,,,,,,,,,,,,,,,,,,,,,,,,,
,,,,,female,,,,,,,,,,,,,,,,,,,,,,,,,,
,,,,,female,,,,,,,,,,,,,,,,,,,,,,,,,,
,,,,,female,,,,,,,,,,,,,,,,,,,,,,,,,,
,,,,,male,,,,,,,,,,,,,,,,,,,,,,,,,,
,,,,,male,,,,,,,,,,,,,,,,,,,,,,,,,,
,,,,,female,,,,,,,,,,,,,,,,,,,,,,,,,,
,,,,,male,,,,,,,,,,,,,,,,,,,,,,,,,,
,,,,,male,,,,,,,,,,,,,,,,,,,,,,,,,,
,,,,,male,,,,,,,,,,,,,,,,,,,,,,,,,,
,,,,,female,,,,,,,,,,,,,,,,,,,,,,,,,,
,,,,,female,,,,,,,,,,,,,,,,,,,,,,,,,,
,,,,,male,,,,,,,,,,,,,,,,,,,,,,,,,,
,,,,,male,,,,,,,,,,,,,,,,,,,,,,,,,,
,,,,,female,,,,,,,,,,,,,,,,,,,,,,,,,,
,,,,,male,,,,,,,,,,,,,,,,,,,,,,,,,,
,,,,,male,,,,,,,,,,,,,,,,,,,,,,,,,,
,,,,,female,,,,,,,,,,,,,,,,,,,,,,,,,,
,,,,,male,,,,,,,,,,,,,,,,,,,,,,,,,,
,,,,,female,,,,,,,,,,,,,,,,,,,,,,,,,,
,,,,,male,,,,,,,,,,,,,,,,,,,,,,,,,,
,,,,,male,,,,,,,,,,,,,,,,,,,,,,,,,,
,,,,,female,,,,,,,,,,,,,,,,,,,,,,,,,,
,,,,,male,,,,,,,,,,,,,,,,,,,,,,,,,,
,,,,,female,,,,,,,,,,,,,,,,,,,,,,,,,,
,,,,,female,,,,,,,,,,,,,,,,,,,,,,,,,,
,,,,,male,,,,,,,,,,,,,,,,,,,,,,,,,,
,,,,,female,,,,,,,,,,,,,,,,,,,,,,,,,,
,,,,,male,,,,,,,,,,,,,,,,,,,,,,,,,,
,,,,,male,,,,,,,,,,,,,,,,,,,,,,,,,,
,,,,,female,,,,,,,,,,,,,,,,,,,,,,,,,,
,,,,,male,,,,,,,,,,,,,,,,,,,,,,,,,,
,,,,,male,,,,,,,,,,,,,,,,,,,,,,,,,,
,,,,,male,,,,,,,,,,,,,,,,,,,,,,,,,,
,,,,,male,,,,,,,,,,,,,,,,,,,,,,,,,,
,,,,,male,,,,,,,,,,,,,,,,,,,,,,,,,,
,,,,,male,,,,,,,,,,,,,,,,,,,,,,,,,,
,,,,,female,,,,,,,,,,,,,,,,,,,,,,,,,,
,,,,,male,,,,,,,,,,,,,,,,,,,,,,,,,,
,,,,,male,,,,,,,,,,,,,,,,,,,,,,,,,,
,,,,,male,,,,,,,,,,,,,,,,,,,,,,,,,,
,,,,,female,,,,,,,,,,,,,,,,,,,,,,,,,,
,,,,,male,,,,,,,,,,,,,,,,,,,,,,,,,,
,,,,,female,,,,,,,,,,,,,,,,,,,,,,,,,,
,,,,,female,,,,,,,,,,,,,,,,,,,,,,,,,,
,,,,,male,,,,,,,,,,,,,,,,,,,,,,,,,,
,,,,,female,,,,,,,,,,,,,,,,,,,,,,,,,,
,,,,,male,,,,,,,,,,,,,,,,,,,,,,,,,,
,,,,,male,,,,,,,,,,,,,,,,,,,,,,,,,,
,,,,,female,,,,,,,,,,,,,,,,,,,,,,,,,,
,,,,,male,,,,,,,,,,,,,,,,,,,,,,,,,,
,,,,,male,,,,,,,,,,,,,,,,,,,,,,,,,,
,,,,,male,,,,,,,,,,,,,,,,,,,,,,,,,,
,,,,,male,,,,,,,,,,,,,,,,,,,,,,,,,,
,,,,,male,,,,,,,,,,,,,,,,,,,,,,,,,,
,,,,,male,,,,,,,,,,,,,,,,,,,,,,,,,,
,,,,,female,,,,,,,,,,,,,,,,,,,,,,,,,,
,,,,,male,,,,,,,,,,,,,,,,,,,,,,,,,,
,,,,,male,,,,,,,,,,,,,,,,,,,,,,,,,,
,,,,,male,,,,,,,,,,,,,,,,,,,,,,,,,,
,,,,,male,,,,,,,,,,,,,,,,,,,,,,,,,,
,,,,,male,,,,,,,,,,,,,,,,,,,,,,,,,,
,,,,,female,,,,,,,,,,,,,,,,,,,,,,,,,,
,,,,,male,,,,,,,,,,,,,,,,,,,,,,,,,,
,,,,,female,,,,,,,,,,,,,,,,,,,,,,,,,,
,,,,,female,,,,,,,,,,,,,,,,,,,,,,,,,,
,,,,,female,,,,,,,,,,,,,,,,,,,,,,,,,,
,,,,,female,,,,,,,,,,,,,,,,,,,,,,,,,,
,,,,,female,,,,,,,,,,,,,,,,,,,,,,,,,,
,,,,,female,,,,,,,,,,,,,,,,,,,,,,,,,,
,,,,,male,,,,,,,,,,,,,,,,,,,,,,,,,,
,,,,,female,,,,,,,,,,,,,,,,,,,,,,,,,,
,,,,,male,,,,,,,,,,,,,,,,,,,,,,,,,,
,,,,,male,,,,,,,,,,,,,,,,,,,,,,,,,,
,,,,,male,,,,,,,,,,,,,,,,,,,,,,,,,,
,,,,,male,,,,,,,,,,,,,,,,,,,,,,,,,,
,,,,,male,,,,,,,,,,,,,,,,,,,,,,,,,,
,,,,,female,,,,,,,,,,,,,,,,,,,,,,,,,,
,,,,,male,,,,,,,,,,,,,,,,,,,,,,,,,,
,,,,,male,,,,,,,,,,,,,,,,,,,,,,,,,,
,,,,,male,,,,,,,,,,,,,,,,,,,,,,,,,,
,,,,,male,,,,,,,,,,,,,,,,,,,,,,,,,,
,,,,,male,,,,,,,,,,,,,,,,,,,,,,,,,,
,,,,,male,,,,,,,,,,,,,,,,,,,,,,,,,,
,,,,,female,,,,,,,,,,,,,,,,,,,,,,,,,,
,,,,,male,,,,,,,,,,,,,,,,,,,,,,,,,,
,,,,,male,,,,,,,,,,,,,,,,,,,,,,,,,,
,,,,,male,,,,,,,,,,,,,,,,,,,,,,,,,,
,,,,,male,,,,,,,,,,,,,,,,,,,,,,,,,,
,,,,,male,,,,,,,,,,,,,,,,,,,,,,,,,,
,,,,,male,,,,,,,,,,,,,,,,,,,,,,,,,,
,,,,,female,,,,,,,,,,,,,,,,,,,,,,,,,,
,,,,,male,,,,,,,,,,,,,,,,,,,,,,,,,,
,,,,,male,,,,,,,,,,,,,,,,,,,,,,,,,,
,,,,,female,,,,,,,,,,,,,,,,,,,,,,,,,,
,,,,,female,,,,,,,,,,,,,,,,,,,,,,,,,,
,,,,,female,,,,,,,,,,,,,,,,,,,,,,,,,,
,,,,,female,,,,,,,,,,,,,,,,,,,,,,,,,,
,,,,,female,,,,,,,,,,,,,,,,,,,,,,,,,,
,,,,,male,,,,,,,,,,,,,,,,,,,,,,,,,,
,,,,,female,,,,,,,,,,,,,,,,,,,,,,,,,,
,,,,,female,,,,,,,,,,,,,,,,,,,,,,,,,,
,,,,,male,,,,,,,,,,,,,,,,,,,,,,,,,,
,,,,,male,,,,,,,,,,,,,,,,,,,,,,,,,,
,,,,,male,,,,,,,,,,,,,,,,,,,,,,,,,,
,,,,,female,,,,,,,,,,,,,,,,,,,,,,,,,,
,,,,,male,,,,,,,,,,,,,,,,,,,,,,,,,,
,,,,,female,,,,,,,,,,,,,,,,,,,,,,,,,,
,,,,,female,,,,,,,,,,,,,,,,,,,,,,,,,,
,,,,,male,,,,,,,,,,,,,,,,,,,,,,,,,,
,,,,,female,,,,,,,,,,,,,,,,,,,,,,,,,,
,,,,,male,,,,,,,,,,,,,,,,,,,,,,,,,,
,,,,,male,,,,,,,,,,,,,,,,,,,,,,,,,,
,,,,,female,,,,,,,,,,,,,,,,,,,,,,,,,,
,,,,,male,,,,,,,,,,,,,,,,,,,,,,,,,,
,,,,,male,,,,,,,,,,,,,,,,,,,,,,,,,,
,,,,,male,,,,,,,,,,,,,,,,,,,,,,,,,,
,,,,,female,,,,,,,,,,,,,,,,,,,,,,,,,,
,,,,,female,,,,,,,,,,,,,,,,,,,,,,,,,,
,,,,,male,,,,,,,,,,,,,,,,,,,,,,,,,,
,,,,,female,,,,,,,,,,,,,,,,,,,,,,,,,,
,,,,,female,,,,,,,,,,,,,,,,,,,,,,,,,,
,,,,,female,,,,,,,,,,,,,,,,,,,,,,,,,,
,,,,,male,,,,,,,,,,,,,,,,,,,,,,,,,,
,,,,,male,,,,,,,,,,,,,,,,,,,,,,,,,,
,,,,,female,,,,,,,,,,,,,,,,,,,,,,,,,,
,,,,,male,,,,,,,,,,,,,,,,,,,,,,,,,,
,,,,,male,,,,,,,,,,,,,,,,,,,,,,,,,,
,,,,,male,,,,,,,,,,,,,,,,,,,,,,,,,,
,,,,,female,,,,,,,,,,,,,,,,,,,,,,,,,,
,,,,,female,,,,,,,,,,,,,,,,,,,,,,,,,,
,,,,,male,,,,,,,,,,,,,,,,,,,,,,,,,,
,,,,,male,,,,,,,,,,,,,,,,,,,,,,,,,,
,,,,,female,,,,,,,,,,,,,,,,,,,,,,,,,,
,,,,,male,,,,,,,,,,,,,,,,,,,,,,,,,,
,,,,,male,,,,,,,,,,,,,,,,,,,,,,,,,,
,,,,,female,,,,,,,,,,,,,,,,,,,,,,,,,,
,,,,,male,,,,,,,,,,,,,,,,,,,,,,,,,,
,,,,,female,,,,,,,,,,,,,,,,,,,,,,,,,,
,,,,,male,,,,,,,,,,,,,,,,,,,,,,,,,,
,,,,,male,,,,,,,,,,,,,,,,,,,,,,,,,,
,,,,,female,,,,,,,,,,,,,,,,,,,,,,,,,,
,,,,,male,,,,,,,,,,,,,,,,,,,,,,,,,,
,,,,,female,,,,,,,,,,,,,,,,,,,,,,,,,,
,,,,,female,,,,,,,,,,,,,,,,,,,,,,,,,,
,,,,,male,,,,,,,,,,,,,,,,,,,,,,,,,,
,,,,,female,,,,,,,,,,,,,,,,,,,,,,,,,,
,,,,,male,,,,,,,,,,,,,,,,,,,,,,,,,,
,,,,,male,,,,,,,,,,,,,,,,,,,,,,,,,,
,,,,,female,,,,,,,,,,,,,,,,,,,,,,,,,,
,,,,,male,,,,,,,,,,,,,,,,,,,,,,,,,,
,,,,,male,,,,,,,,,,,,,,,,,,,,,,,,,,
,,,,,male,,,,,,,,,,,,,,,,,,,,,,,,,,
,,,,,male,,,,,,,,,,,,,,,,,,,,,,,,,,
,,,,,male,,,,,,,,,,,,,,,,,,,,,,,,,,
,,,,,male,,,,,,,,,,,,,,,,,,,,,,,,,,
,,,,,female,,,,,,,,,,,,,,,,,,,,,,,,,,
,,,,,male,,,,,,,,,,,,,,,,,,,,,,,,,,
,,,,,male,,,,,,,,,,,,,,,,,,,,,,,,,,
,,,,,male,,,,,,,,,,,,,,,,,,,,,,,,,,
,,,,,female,,,,,,,,,,,,,,,,,,,,,,,,,,
,,,,,male,,,,,,,,,,,,,,,,,,,,,,,,,,
,,,,,male,,,,,,,,,,,,,,,,,,,,,,,,,,
,,,,,female,,,,,,,,,,,,,,,,,,,,,,,,,,
,,,,,male,,,,,,,,,,,,,,,,,,,,,,,,,,
,,,,,female,,,,,,,,,,,,,,,,,,,,,,,,,,
,,,,,male,,,,,,,,,,,,,,,,,,,,,,,,,,
,,,,,male,,,,,,,,,,,,,,,,,,,,,,,,,,
,,,,,female,,,,,,,,,,,,,,,,,,,,,,,,,,
,,,,,male,,,,,,,,,,,,,,,,,,,,,,,,,,
,,,,,female,,,,,,,,,,,,,,,,,,,,,,,,,,
,,,,,female,,,,,,,,,,,,,,,,,,,,,,,,,,
,,,,,male,,,,,,,,,,,,,,,,,,,,,,,,,,
,,,,,female,,,,,,,,,,,,,,,,,,,,,,,,,,
,,,,,male,,,,,,,,,,,,,,,,,,,,,,,,,,
,,,,,male,,,,,,,,,,,,,,,,,,,,,,,,,,
,,,,,female,,,,,,,,,,,,,,,,,,,,,,,,,,
,,,,,male,,,,,,,,,,,,,,,,,,,,,,,,,,
,,,,,male,,,,,,,,,,,,,,,,,,,,,,,,,,
,,,,,male,,,,,,,,,,,,,,,,,,,,,,,,,,
,,,,,male,,,,,,,,,,,,,,,,,,,,,,,,,,
,,,,,male,,,,,,,,,,,,,,,,,,,,,,,,,,
,,,,,male,,,,,,,,,,,,,,,,,,,,,,,,,,
,,,,,female,,,,,,,,,,,,,,,,,,,,,,,,,,
,,,,,male,,,,,,,,,,,,,,,,,,,,,,,,,,
,,,,,male,,,,,,,,,,,,,,,,,,,,,,,,,,
,,,,,male,,,,,,,,,,,,,,,,,,,,,,,,,,
,,,,,female,,,,,,,,,,,,,,,,,,,,,,,,,,
,,,,,male,,,,,,,,,,,,,,,,,,,,,,,,,,
,,,,,female,,,,,,,,,,,,,,,,,,,,,,,,,,
,,,,,female,,,,,,,,,,,,,,,,,,,,,,,,,,
,,,,,male,,,,,,,,,,,,,,,,,,,,,,,,,,
,,,,,female,,,,,,,,,,,,,,,,,,,,,,,,,,
,,,,,male,,,,,,,,,,,,,,,,,,,,,,,,,,
,,,,,male,,,,,,,,,,,,,,,,,,,,,,,,,,
,,,,,female,,,,,,,,,,,,,,,,,,,,,,,,,,
,,,,,male,,,,,,,,,,,,,,,,,,,,,,,,,,
,,,,,male,,,,,,,,,,,,,,,,,,,,,,,,,,
,,,,,male,,,,,,,,,,,,,,,,,,,,,,,,,,
,,,,,male,,,,,,,,,,,,,,,,,,,,,,,,,,
,,,,,male,,,,,,,,,,,,,,,,,,,,,,,,,,
,,,,,male,,,,,,,,,,,,,,,,,,,,,,,,,,
,,,,,female,,,,,,,,,,,,,,,,,,,,,,,,,,
,,,,,male,,,,,,,,,,,,,,,,,,,,,,,,,,
,,,,,male,,,,,,,,,,,,,,,,,,,,,,,,,,
,,,,,male,,,,,,,,,,,,,,,,,,,,,,,,,,
,,,,,male,,,,,,,,,,,,,,,,,,,,,,,,,,
,,,,,male,,,,,,,,,,,,,,,,,,,,,,,,,,
,,,,,female,,,,,,,,,,,,,,,,,,,,,,,,,,
,,,,,male,,,,,,,,,,,,,,,,,,,,,,,,,,
,,,,,female,,,,,,,,,,,,,,,,,,,,,,,,,,
,,,,,female,,,,,,,,,,,,,,,,,,,,,,,,,,
,,,,,female,,,,,,,,,,,,,,,,,,,,,,,,,,
,,,,,female,,,,,,,,,,,,,,,,,,,,,,,,,,
,,,,,female,,,,,,,,,,,,,,,,,,,,,,,,,,
,,,,,female,,,,,,,,,,,,,,,,,,,,,,,,,,
,,,,,male,,,,,,,,,,,,,,,,,,,,,,,,,,
,,,,,female,,,,,,,,,,,,,,,,,,,,,,,,,,
,,,,,male,,,,,,,,,,,,,,,,,,,,,,,,,,
,,,,,male,,,,,,,,,,,,,,,,,,,,,,,,,,
,,,,,male,,,,,,,,,,,,,,,,,,,,,,,,,,
,,,,,male,,,,,,,,,,,,,,,,,,,,,,,,,,
,,,,,male,,,,,,,,,,,,,,,,,,,,,,,,,,
,,,,,female,,,,,,,,,,,,,,,,,,,,,,,,,,
,,,,,male,,,,,,,,,,,,,,,,,,,,,,,,,,
,,,,,male,,,,,,,,,,,,,,,,,,,,,,,,,,
,,,,,male,,,,,,,,,,,,,,,,,,,,,,,,,,
,,,,,male,,,,,,,,,,,,,,,,,,,,,,,,,,
,,,,,male,,,,,,,,,,,,,,,,,,,,,,,,,,
,,,,,male,,,,,,,,,,,,,,,,,,,,,,,,,,
,,,,,female,,,,,,,,,,,,,,,,,,,,,,,,,,
,,,,,male,,,,,,,,,,,,,,,,,,,,,,,,,,
,,,,,male,,,,,,,,,,,,,,,,,,,,,,,,,,
,,,,,male,,,,,,,,,,,,,,,,,,,,,,,,,,
,,,,,male,,,,,,,,,,,,,,,,,,,,,,,,,,
,,,,,male,,,,,,,,,,,,,,,,,,,,,,,,,,
,,,,,male,,,,,,,,,,,,,,,,,,,,,,,,,,
,,,,,female,,,,,,,,,,,,,,,,,,,,,,,,,,
,,,,,male,,,,,,,,,,,,,,,,,,,,,,,,,,
,,,,,male,,,,,,,,,,,,,,,,,,,,,,,,,,
,,,,,female,,,,,,,,,,,,,,,,,,,,,,,,,,
,,,,,female,,,,,,,,,,,,,,,,,,,,,,,,,,
,,,,,female,,,,,,,,,,,,,,,,,,,,,,,,,,
,,,,,female,,,,,,,,,,,,,,,,,,,,,,,,,,
,,,,,female,,,,,,,,,,,,,,,,,,,,,,,,,,
,,,,,male,,,,,,,,,,,,,,,,,,,,,,,,,,
,,,,,female,,,,,,,,,,,,,,,,,,,,,,,,,,
,,,,,female,,,,,,,,,,,,,,,,,,,,,,,,,,
,,,,,male,,,,,,,,,,,,,,,,,,,,,,,,,,
,,,,,male,,,,,,,,,,,,,,,,,,,,,,,,,,
,,,,,male,,,,,,,,,,,,,,,,,,,,,,,,,,
,,,,,female,,,,,,,,,,,,,,,,,,,,,,,,,,
,,,,,male,,,,,,,,,,,,,,,,,,,,,,,,,,
,,,,,female,,,,,,,,,,,,,,,,,,,,,,,,,,
,,,,,female,,,,,,,,,,,,,,,,,,,,,,,,,,
,,,,,male,,,,,,,,,,,,,,,,,,,,,,,,,,
,,,,,female,,,,,,,,,,,,,,,,,,,,,,,,,,
,,,,,male,,,,,,,,,,,,,,,,,,,,,,,,,,
,,,,,male,,,,,,,,,,,,,,,,,,,,,,,,,,
,,,,,female,,,,,,,,,,,,,,,,,,,,,,,,,,
,,,,,male,,,,,,,,,,,,,,,,,,,,,,,,,,
,,,,,male,,,,,,,,,,,,,,,,,,,,,,,,,,
,,,,,male,,,,,,,,,,,,,,,,,,,,,,,,,,
,,,,,female,,,,,,,,,,,,,,,,,,,,,,,,,,
,,,,,female,,,,,,,,,,,,,,,,,,,,,,,,,,
,,,,,male,,,,,,,,,,,,,,,,,,,,,,,,,,
,,,,,female,,,,,,,,,,,,,,,,,,,,,,,,,,
,,,,,female,,,,,,,,,,,,,,,,,,,,,,,,,,
,,,,,female,,,,,,,,,,,,,,,,,,,,,,,,,,
,,,,,male,,,,,,,,,,,,,,,,,,,,,,,,,,
,,,,,male,,,,,,,,,,,,,,,,,,,,,,,,,,
,,,,,female,,,,,,,,,,,,,,,,,,,,,,,,,,
,,,,,male,,,,,,,,,,,,,,,,,,,,,,,,,,
,,,,,male,,,,,,,,,,,,,,,,,,,,,,,,,,
,,,,,male,,,,,,,,,,,,,,,,,,,,,,,,,,
,,,,,female,,,,,,,,,,,,,,,,,,,,,,,,,,
,,,,,female,,,,,,,,,,,,,,,,,,,,,,,,,,
,,,,,male,,,,,,,,,,,,,,,,,,,,,,,,,,
,,,,,male,,,,,,,,,,,,,,,,,,,,,,,,,,
,,,,,female,,,,,,,,,,,,,,,,,,,,,,,,,,
,,,,,male,,,,,,,,,,,,,,,,,,,,,,,,,,
,,,,,male,,,,,,,,,,,,,,,,,,,,,,,,,,
,,,,,female,,,,,,,,,,,,,,,,,,,,,,,,,,
,,,,,male,,,,,,,,,,,,,,,,,,,,,,,,,,
,,,,,female,,,,,,,,,,,,,,,,,,,,,,,,,,
,,,,,male,,,,,,,,,,,,,,,,,,,,,,,,,,
,,,,,male,,,,,,,,,,,,,,,,,,,,,,,,,,
,,,,,female,,,,,,,,,,,,,,,,,,,,,,,,,,
,,,,,male,,,,,,,,,,,,,,,,,,,,,,,,,,
,,,,,female,,,,,,,,,,,,,,,,,,,,,,,,,,
,,,,,female,,,,,,,,,,,,,,,,,,,,,,,,,,
,,,,,male,,,,,,,,,,,,,,,,,,,,,,,,,,
,,,,,female,,,,,,,,,,,,,,,,,,,,,,,,,,
,,,,,male,,,,,,,,,,,,,,,,,,,,,,,,,,
,,,,,male,,,,,,,,,,,,,,,,,,,,,,,,,,
,,,,,female,,,,,,,,,,,,,,,,,,,,,,,,,,
,,,,,male,,,,,,,,,,,,,,,,,,,,,,,,,,
,,,,,male,,,,,,,,,,,,,,,,,,,,,,,,,,
,,,,,male,,,,,,,,,,,,,,,,,,,,,,,,,,
,,,,,male,,,,,,,,,,,,,,,,,,,,,,,,,,
,,,,,male,,,,,,,,,,,,,,,,,,,,,,,,,,
,,,,,male,,,,,,,,,,,,,,,,,,,,,,,,,,
,,,,,female,,,,,,,,,,,,,,,,,,,,,,,,,,
,,,,,male,,,,,,,,,,,,,,,,,,,,,,,,,,
,,,,,male,,,,,,,,,,,,,,,,,,,,,,,,,,
,,,,,male,,,,,,,,,,,,,,,,,,,,,,,,,,